date,tv_spend,digital_spend,social_spend,search_spend,print_spend,email_spend,tv_contribution,digital_contribution,social_contribution,search_contribution,print_contribution,email_contribution,base_sales,trend,seasonality,marketing_contribution,total_sales,is_holiday,holiday_effect,competitor_active,competitor_effect,has_promotion,promotion_effect,tv_roi,tv_roas,digital_roi,digital_roas,social_roi,social_roas,search_roi,search_roas,print_roi,print_roas,email_roi,email_roas,total_marketing_spend,total_marketing_roi,total_marketing_roas
2022-01-02,57450.71229516849,39738.329209117874,35443.83045723463,12376.946023172983,20334.349473732167,13242.342176663866,74721.16907283392,98761.36750470154,88116.05272575762,119266.42933435521,39902.58890850447,55858.89593888607,500000,0,0.0,476626.50348503876,1103470.7311370284,1.0,0.25,1,-0.1,0,0.0,0.3006134491237256,1.3006134491237256,1.4852923983034738,2.4852923983034736,1.4860759006303106,2.4860759006303104,8.636175928298975,9.636175928298973,0.9623243399082168,1.9623243399082166,3.2182036375198515,4.218203637519852,178586.50963509,1.6688830217855808,2.6688830217855806
2022-01-09,48560.77016576012,23531.279306303044,25485.398074726018,22325.49500027969,26819.04298415685,12628.713400312292,74750.03527520926,98704.26842747082,88239.75869509173,120305.01110428559,39934.06454890925,55908.99340075334,500000,500,9040.25101914923,477842.13145172,1229735.315088646,1.0,0.25,0,-0.0,0,0.0,0.5393090970355947,1.5393090970355947,3.1945984807137995,4.1945984807137995,2.462365329211769,3.462365329211769,4.388682808725111,5.388682808725111,0.489018999391589,1.489018999391589,3.4271329650549185,4.427132965054918,159350.698931538,1.9986823694887952,2.998682369488795
2022-01-16,60976.00895705074,42448.01270621654,31085.964213129886,57411.03591776659,10349.484575927225,11629.676414793383,74776.5528736361,98895.33632018919,88355.69004952039,121407.14258343745,39928.0927370168,55842.91517053569,500000,1000,17948.67482156683,479205.7297343356,1258694.047675369,1.0,0.25,0,-0.0,0,0.0,0.22632743848988143,1.2263274384898815,1.3297989709116795,2.3297989709116793,1.8423017360420586,2.842301736042059,1.1147004342046098,2.1147004342046096,2.857978863014015,3.857978863014015,3.8017600128152678,4.801760012815268,213900.18278488438,1.24032407777914,2.24032407777914
2022-01-23,74714.6261274869,26561.60809468335,23452.45508793561,61234.95518710862,29924.97322931029,10163.338521897364,74798.78653841624,98793.66793273833,88323.48588051248,121577.92730395554,39943.28970429353,55717.88622687846,500000,1500,26595.36652819017,479155.0435867946,887158.4800062136,0.0,0.0,1,-0.1,0,0.0,0.001126424841981219,1.001126424841981,2.71941591716027,3.71941591716027,2.76606566559199,3.76606566559199,0.9854334331177973,1.9854334331177972,0.3347811340787001,1.3347811340787001,4.482242484281302,5.482242484281302,226051.95624842215,1.1196677593014155,2.1196677593014153
2022-01-30,48939.52036757393,44587.120729321294,28819.24131411952,38973.024316062634,20032.68100389565,5507.481397136819,74780.86066452382,98928.48500007995,88366.57435021213,121247.37638380707,39943.2625932457,55144.38199998702,500000,2000,34854.237903282636,478410.94099185563,1017372.6890180574,0.0,0.0,0,-0.0,0,0.0,0.5280260227901966,1.5280260227901967,1.2187681864602393,2.218768186460239,2.0662352761839835,3.0662352761839835,2.1110589571011373,3.111058957101137,0.9939049888269147,1.9939049888269147,9.012631550358934,10.012631550358934,186859.06912810984,1.560276807671877,2.560276807671877
2022-02-06,49488.52578967449,48686.36189081257,25459.14563701462,49319.14767179894,18638.945637880355,11888.970686180195,74772.93604218028,98985.86832438991,88351.68713693428,121367.43839020937,39942.2791532934,55807.17942440287,500000,2500,42604.856004836685,479227.38847141014,1202518.183473132,0.0,0.0,0,-0.0,1,0.2,0.5109145978597983,1.5109145978597982,1.0331333967073268,2.033133396707327,2.470331974081694,3.470331974081694,1.4608583911033033,2.460858391103303,1.1429473495602558,2.142947349560256,3.6940295251357163,4.694029525135716,203481.09731336118,1.3551445062899345,2.3551445062899345
2022-02-13,77196.11321612254,29248.721504941062,27529.92821169758,46541.338641331764,15330.542141843662,11324.647258191668,74799.99674599568,98859.93580306717,88366.27220463353,121340.42975748888,39939.109723444504,55809.173377529325,500000,3000,49734.19936805964,479114.9176121591,1019821.7641011946,0.0,0.0,0,-0.0,0,0.0,-0.031039340846326757,0.9689606591536732,2.3799746011587724,3.3799746011587724,2.209825740376843,3.209825740376843,1.6071538400000083,2.6071538400000085,1.6051987825292524,2.605198782529252,3.9281158260501083,4.928115826050108,207171.29097412826,1.312651117629959,2.312651117629959
2022-02-20,65478.43365250811,47410.600193093356,31744.712561102548,80120.09987363443,11657.625054891176,11608.119054629016,74798.5006658339,98961.9248420573,88414.59308453985,121790.71276479875,39933.425712717515,55831.03085077829,500000,3500,56138.30611283258,479730.18792072556,1045764.1327164089,0.0,0.0,0,-0.0,0,0.0,0.14233796524191578,1.1423379652419159,1.0873375244988734,2.0873375244988734,1.7851754182482686,2.7851754182482686,0.5201018590451995,1.5201018590451993,2.425519822835844,3.425519822835844,3.809653535429095,4.809653535429095,248019.59038985864,0.9342431263862833,1.9342431263862834
2022-02-27,47329.21379685426,42187.73997947996,20639.899327071493,56931.96260591775,26687.555338122904,7044.02018971478,74778.75053840331,98953.22899926713,88323.47177248768,121599.15871770764,39942.742575836884,55389.25578869214,500000,4000,61723.789942024225,478986.6083923948,908379.4838303439,0.0,0.0,1,-0.1,0,0.0,0.5799702665539205,1.5799702665539204,1.3455446783211855,2.3455446783211853,3.2792588458336978,4.279258845833699,1.1358680282887017,2.1358680282887015,0.4966804591044381,1.496680459104438,6.863301679567576,7.863301679567575,200820.39123716115,1.3851492641836856,2.385149264183686
2022-03-06,62854.14232051706,46521.62076665421,44096.96903884747,42237.58223561288,22326.20446982146,7699.97871212073,74787.80602771435,98978.95858300457,88500.54914232522,121317.23827408772,39944.16795355104,55414.736470797594,500000,4500,66409.20192399074,478943.4564514805,1058662.1531346794,0.0,0.0,0,-0.0,0,0.0,0.18986280405105246,1.1898628040510524,1.1275905041973677,2.127590504197368,1.0069531097332376,2.0069531097332374,1.8722581135763576,2.8722581135763576,0.7891159246321491,1.789115924632149,6.196738918715172,7.196738918715173,225736.4975435738,1.1216926002806893,2.1216926002806895
2022-03-13,48044.32864175296,57464.8456502974,19449.65796497233,32529.98993994681,14258.472215129636,14158.57736678669,74774.23287650984,99046.052959883,88367.1807550234,121023.0062762109,39939.45367641326,55978.15959943856,500000,5000,70126.21820140611,479128.0861434789,948436.117931863,0.0,0.0,1,-0.1,0,0.0,0.5563591997313754,1.5563591997313755,0.7235938222583638,1.7235938222583638,3.5433796786641385,4.543379678664138,2.720351789214503,3.720351789214503,1.8011033071294682,2.8011033071294684,2.9536570765049173,3.9536570765049173,185905.87177888583,1.5772617161514295,2.5772617161514297
2022-03-20,48221.32688614051,36191.21007275735,17890.127692545324,24888.462708664618,14312.436643496047,10922.789176368908,74768.25708963079,98942.38967672763,88259.97671954954,120702.92109716134,39935.80606970263,55796.98834178207,500000,5500,72820.63630695391,478406.33899455395,1279122.1694501524,0.0,0.0,0,-0.0,1,0.2,0.5505225989772637,1.5505225989772637,1.7338790131033983,2.7338790131033983,3.9334458778808368,4.933445877880837,3.8497539807928782,4.849753980792879,1.7902870115306695,2.7902870115306695,4.108309557278373,5.108309557278374,152426.35317997276,2.138606474627719,3.138606474627719
2022-03-27,58977.59382859617,31206.350184999064,36938.966865553375,46720.0914344912,20124.555706301493,13114.134043139004,74779.79173577645,98859.6221723201,88419.95802209857,121242.12255787641,39938.86683020101,55936.08443287064,500000,6000,74453.16555735405,479176.44575114315,1064107.8939897905,0.0,0.0,0,-0.0,0,0.0,0.2679356155679304,1.2679356155679304,2.167932859378155,3.167932859378155,1.393677071259745,2.393677071259745,1.5950745992840496,2.59507459928405,0.9845837797897407,1.9845837797897408,3.265328099352091,4.265328099352091,207081.6920630803,1.313948862293334,2.313948862293334
2022-04-03,26717.4629967997,29896.522370411436,34041.63488503682,35257.12438992169,32180.795818403025,11168.288461724718,74734.9157770879,98816.4590116404,88458.10381714624,121073.03359457628,39948.23176550914,55811.01931900456,500000,6500,75000.0,478841.7632849645,1087624.5718844414,0.0,0.0,0,-0.0,0,0.0,1.7972310015378283,2.7972310015378286,2.3052827277810404,3.3052827277810404,1.5985268955466196,2.5985268955466196,2.434001941156188,3.434001941156188,0.24136867189170633,1.2413686718917063,3.997275948797052,4.997275948797052,169261.8289222974,1.829000291050767,2.8290002910507672
2022-04-10,29538.494831512726,30630.48077379137,32699.08969602135,27262.765340194488,20607.35681950166,11171.72088232888,74714.84845391514,98810.28938925161,88464.95791998983,120800.0837370909,39946.557941006606,55797.62811858435,500000,7000,74453.16555735405,478534.3655598384,1062492.0211701507,0.0,0.0,0,-0.0,0,0.0,1.529406081118482,2.529406081118482,2.2258811123133775,3.225881112313377,1.705425708861668,2.705425708861668,3.4309549023990953,4.430954902399095,0.938461021027374,1.938461021027374,3.994541906864456,4.994541906864456,151909.90834335046,2.1501195068740575,3.1501195068740575
2022-04-17,46901.16537928491,37963.8177283886,32694.503233063988,36509.508043409274,13115.333608451157,13881.947081507891,74745.17174052696,98879.10679199167,88468.16957522095,121018.01626004689,39940.38231691706,55985.2057528847,500000,7500,72820.63630695391,479036.05243758817,1050768.5779220369,0.0,0.0,0,-0.0,0,0.0,0.5936740832785374,1.5936740832785374,1.6045617303143829,2.604561730314383,1.7059034647069662,2.705903464706966,2.314698629084737,3.3146986290847367,2.0453195861659657,3.0453195861659657,3.0329505237390264,4.032950523739027,181066.2750741058,1.6456392955647372,2.645639295564737
2022-04-24,39995.43492123123,42043.05095653975,27495.976680348478,31171.74533762533,20600.70230598337,9489.446160597397,74742.67813633097,98928.89723743103,88425.60893526083,120909.68068120565,39941.65046928125,55676.64848395715,500000,8000,70126.21820140613,478625.16394346685,953522.1939910315,0.0,0.0,1,-0.1,0,0.0,0.8687802316322473,1.8687802316322473,1.3530380166675973,2.3530380166675973,2.215947189774098,3.215947189774098,2.878822933127959,3.8788229331279584,0.9388489710702922,1.938848971070292,4.867217911530053,5.867217911530053,170796.35636232558,1.8023148393641166,2.802314839364117
2022-05-01,59685.861912066954,41247.41433949668,20308.04098968227,64223.421159381054,20352.519350769115,11282.79271545052,74772.79267930919,98936.71403329776,88326.17421607333,121557.34361435822,39942.253652953324,55793.75812300985,500000,8500,66409.20192399074,479329.03631900164,1065104.1988237202,0.0,0.0,0,-0.0,0,0.0,0.2527722694106231,1.2527722694106231,1.3986161464322475,2.3986161464322473,3.349320264862004,4.349320264862004,0.8927260712675761,1.8927260712675762,0.9625213451249671,1.962521345124967,3.9450308562884926,4.945030856288493,217100.0504668466,1.2078716024628473,2.2078716024628475
2022-05-08,41071.4812735732,46556.12217483419,27952.35766874549,54333.151008506495,5695.417104907114,9551.542615163145,74756.97160790562,98974.71274819081,88357.85053478387,121508.0588281771,39929.22607024492,55657.08165732054,500000,9000,61723.78994202425,479183.90144662285,945894.1236562964,0.0,0.0,1,-0.1,0,0.0,0.8201674078895914,1.8201674078895915,1.1259226096303048,2.125922609630305,2.161016025262866,3.161016025262866,1.23635214547291,2.23635214547291,6.010764152083313,7.010764152083313,4.827025424036166,5.827025424036166,185160.0718457296,1.587944024162326,2.5879440241623257
2022-05-15,33166.972579800495,38176.08858865998,21758.47035781804,43385.550784064486,21414.84204082507,9566.816937669026,74734.55586795171,98928.98574414499,88303.81594761738,121314.30133996879,39936.88670307519,55643.52666765295,500000,9500,56138.3061128326,478862.072270411,1045312.2122073213,0.0,0.0,0,-0.0,0,0.0,1.2532824088221697,2.25328240882217,1.5913861110834533,2.5913861110834535,3.058365064062921,4.0583650640629205,1.7961913389959208,2.7961913389959205,0.8649162401917256,1.8649162401917256,4.816305154597283,5.816305154597283,167468.7412888371,1.8594116644401526,2.8594116644401524
2022-05-22,75941.37046605292,52304.9880241339,34779.27733345682,60924.640812464,20197.04839163978,9863.811416040005,74789.79147340055,99007.21745400576,88415.64295070452,121559.32997992123,39939.49889821798,55669.914312443034,500000,10000,49734.19936805964,479381.3950686931,921164.2012369424,0.0,0.0,1,-0.1,0,0.0,-0.015164053342534126,0.9848359466574659,0.8928829007344982,1.8928829007344983,1.5421932176161357,2.5421932176161355,0.9952408148634098,1.9952408148634098,0.9774918653336617,1.9774918653336617,4.643854283539483,5.643854283539483,254011.13644378743,0.8872455821431279,1.887245582143128
2022-05-29,50126.75614943467,34812.81212733333,25580.241276349243,43739.14021715758,25582.59845157359,11369.08144624768,74777.81544618822,98915.91405355811,88377.71531273186,121334.1414995888,39944.530215630155,55799.96705958832,500000,10500,42604.856004836685,479150.0835872855,1018996.9212411032,0.0,0.0,0,-0.0,0,0.0,0.49177447715278844,1.4917744771527885,1.8413652333444828,2.841365233344483,2.4549210993738106,3.4549210993738106,1.7740403880182576,2.774040388018258,0.5613945663589602,1.5613945663589603,3.9080453265646087,4.908045326564609,191210.6296680961,1.505875768617024,2.505875768617024
2022-06-05,54041.667135665906,64321.81251163912,19910.39445833343,32087.584836338476,32305.234195810892,9169.502948078976,74777.38927162299,99065.61694685124,88292.13421027549,121016.15700471847,39950.6102115906,55621.403937339586,500000,11000,34854.23790328268,478723.31158239837,996525.4440496871,0.0,0.0,0,-0.0,0,0.0,0.38369878715810596,1.383698787158106,0.5401558674815823,1.5401558674815823,3.434474384475145,4.434474384475146,2.771432397357322,3.771432397357322,0.23666059714778692,1.2366605971477869,5.065912651131471,6.065912651131471,211836.19608586677,1.2598749431298804,2.2598749431298804
2022-06-12,31138.981129190317,43013.816223324575,23684.015227972137,60285.65206514962,27763.47174624341,14269.309161198995,74742.14545728949,98994.46022809787,88291.70373146496,121511.84692919036,39951.640592406795,55996.620271372936,500000,11500,26595.36652819019,479488.4172098224,950816.9402279502,0.0,0.0,1,-0.1,0,0.0,1.4002758840180765,2.4002758840180762,1.3014572739634611,2.301457273963461,2.7279026753532722,3.7279026753532722,1.015601436936847,2.015601436936847,0.4390001710723562,1.4390001710723563,2.924269888526808,3.924269888526808,200155.24555307906,1.3955825683452654,2.395582568345265
2022-06-19,43800.06822279081,27804.490799305164,29286.35617953927,48039.56779675076,19172.991492938443,7709.3399114752,74748.4872470919,98850.43804479887,88356.36442984614,121398.27538829687,39948.05867959815,55498.346879615005,500000,12000,17948.674821566823,478799.9706692469,983871.380782988,0.0,0.0,0,-0.0,0,0.0,0.7065838086571171,1.706583808657117,2.555196847815287,3.555196847815287,2.016980463126914,3.016980463126914,1.5270476183698694,2.527047618369869,1.0835589842258742,2.083558984225874,6.19884549350416,7.19884549350416,175812.81440279965,1.7233508108930113,2.7233508108930113
2022-06-26,53067.804298206654,25273.850836179943,21192.186303847535,28676.21851012946,13922.430728573447,9720.178158027657,74765.45830995994,98760.52793791935,88295.93697173949,120942.20465634427,39942.07922928523,55643.37673433484,500000,12500,9040.251019149231,478349.58383958315,1236004.1896174971,1.0,0.25,0,-0.0,0,0.0,0.4088666244758599,1.4088666244758599,2.9076169507395364,3.9076169507395364,3.1664383139038836,4.166438313903883,3.2175088257757274,4.217508825775727,1.8689012721974496,2.8689012721974496,4.724522311186275,5.724522311186276,151852.6688349647,2.1500900676263996,3.1500900676263996
2022-07-03,33568.42967199879,40408.05748576519,18838.903502135217,38382.60252966337,35773.4921528325,8847.47349184414,74739.90452947443,98888.8676812905,88229.39328509365,121088.86168177662,39951.31928456773,55570.82666412489,500000,13000,-2.412183974514955e-11,478469.17312632786,977101.0278149438,0.0,0.0,0,-0.0,0,0.0,1.2264939188328774,2.2264939188328774,1.4472561621188234,2.447256162118823,3.6833613896421125,4.683361389642113,2.1547850771243318,3.1547850771243318,0.11678555489876709,1.116785554898767,5.280982555681201,6.280982555681201,175818.9588342392,1.7213741697641665,2.7213741697641667
2022-07-10,55898.17148929308,32949.26299661709,27080.848298989302,29702.741930669315,20460.39108973013,14393.473895882798,74766.8933188145,98856.45855133483,88305.00748506117,120882.2108547256,39948.50458372947,56001.108488506216,500000,13500,-9040.251019149211,478760.18328217184,1001118.4198019115,0.0,0.0,0,-0.0,0,0.0,0.33755526033862476,1.3375552603386247,2.0002631185251225,3.0002631185251225,2.2607917783859395,3.2607917783859395,3.0697323882381946,4.069732388238195,0.9524800092301846,1.9524800092301846,2.89072915222538,3.8907291522253797,180484.88970118173,1.6526330490869738,2.652633049086974
2022-07-17,40691.27722721604,41930.60524411959,26810.161356868837,23167.089289226456,19963.91878187692,10529.835844734345,74753.48052296751,98922.4018005657,88334.82413037165,120597.08071234012,39946.31684130397,55768.51745148379,500000,14000,-17948.67482156681,478322.62145903276,871037.5584078789,0.0,0.0,1,-0.1,0,0.0,0.8370885756559453,1.8370885756559452,1.3591932724233384,2.3591932724233384,2.294826277042903,3.294826277042903,4.205534420261512,5.205534420261512,1.0009256337772172,2.000925633777217,4.2962380680770025,5.296238068077002,163092.88774404218,1.9328233013429243,2.9328233013429243
2022-07-24,44781.05649737535,39141.900166727595,20522.685969168215,50439.3007657993,19517.834575049783,12926.826167260806,74754.4951935258,98919.18998017831,88274.85049688104,121304.72388404225,39944.539884446276,55921.23993026554,500000,14500,-26595.36652819017,479119.0393693392,991978.5142946237,0.0,0.0,0,-0.0,0,0.0,0.6693329957033777,1.6693329957033778,1.527194376328826,2.527194376328826,3.3013302756519654,4.301330275651965,1.4049644234222556,2.4049644234222556,1.046566166490034,2.046566166490034,3.325983749351775,4.325983749351775,187329.60414138105,1.55762585719094,2.5576258571909403
2022-07-31,39612.32341787867,33318.256694355005,20550.65485571323,61823.33776669726,20643.677605134977,5270.903401153009,74745.9406466018,98870.14781501879,88242.1936997279,121570.31407633475,39944.06723226558,55149.432352927244,500000,15000,-34854.23790328261,478522.0958228761,945198.045434716,0.0,0.0,0,-0.0,0,0.0,0.8869365439156713,1.8869365439156713,1.9674466080864912,2.967446608086491,3.2938871933414777,4.293887193341478,0.9664146011511812,1.9664146011511812,0.9349298122312161,1.934929812231216,9.462994321023473,10.462994321023473,181219.15374093218,1.640571296933453,2.640571296933453
2022-08-07,75937.43877756804,25239.349026269727,25933.03250382807,21739.801922117476,18395.14393242993,10431.803999594571,74792.17923363793,98767.96648647187,88296.45858026315,120797.31725403946,39942.29029128116,55685.55858145158,500000,15500,-42604.85600483667,478281.7704271452,956756.7976667846,0.0,0.0,0,-0.0,0,0.0,-0.015081619321988747,0.9849183806780113,2.913253324547783,3.9132533245477834,2.4047872560692385,3.4047872560692385,4.556504962041241,5.556504962041241,1.1713497017473422,2.171349701747342,4.338056445808968,5.338056445808968,177676.57016180782,1.6918674195003875,2.6918674195003875
2022-08-14,47507.56936336804,18248.54716724729,12270.339135239932,44923.653027836495,15642.039052493403,12210.897933757722,74775.718448666,98621.96280594046,88124.67895814954,121215.95759788154,39939.10880846422,55864.5946336451,500000,16000,-49734.19936805962,478542.0212527468,1117062.4451964293,0.0,0.0,0,-0.0,1,0.2,0.5739748307629432,1.573974830762943,4.404373394883092,5.404373394883092,6.181926920427075,7.181926920427075,1.6982658227453427,2.6982658227453427,1.5533185714747186,2.5533185714747186,3.5749784280158674,4.574978428015867,150803.04567994288,2.1732914882129193,3.1732914882129193
2022-08-21,31449.474632498295,28655.447476115554,12397.85908840596,30044.400024007515,15644.901779292368,9709.879681193634,74741.70254250712,98736.03637552822,88011.5775190338,120925.95258389422,39937.04258274815,55680.2878090519,500000,16500,-56138.30611283258,478032.59941276343,981297.2758553986,0.0,0.0,0,-0.0,0,0.0,1.3765644232820609,2.376564423282061,2.4456288444919645,3.4456288444919645,6.098933524848586,7.0989335248485865,3.02490821874513,4.0249082187451295,1.5527192913162882,2.552719291316288,4.734395238377159,5.734395238377159,127901.96268151332,2.7374922901152416,3.737492290115242
2022-08-28,59312.997941823145,41446.36492542744,17739.858360118164,31734.3548030439,18593.410082814135,12591.405977251115,74772.05981827267,98892.73872945069,88065.43651960361,120906.687558451,39938.0349448412,55891.216393328075,500000,17000,-61723.789942024225,478466.1739639473,909990.4156413329,0.0,0.0,0,-0.0,0,0.0,0.26063531456650474,1.2606353145665048,1.3860413068162647,2.3860413068162645,3.964269428305459,4.9642694283054585,2.809962052445883,3.809962052445883,1.1479671973542862,2.147967197354286,3.4388384025030003,4.438838402503,181418.39209047792,1.6373631055296982,2.637363105529698
2022-09-04,28381.85999396349,34827.09776177222,21639.680158069634,30246.88470395663,15417.257270608941,7787.0375984046495,74733.22146847582,98874.68884797701,88159.42463289126,120857.1430152163,39936.03128864352,55488.85076973233,500000,17500,-66409.20192399072,478049.36002293625,935336.572303486,0.0,0.0,0,-0.0,0,0.0,1.6331333282727332,2.633133328272733,1.8390160306870675,2.8390160306870675,3.07397077909286,4.0739707790928605,2.9956889510478026,3.9956889510478026,1.590346038058049,2.590346038058049,6.1257972070278015,7.1257972070278015,138299.81748677557,2.4566159862694543,3.4566159862694543
2022-09-11,49611.71886549041,20077.747671173478,25726.642994993577,26815.12271617747,14314.431280104645,13523.795308640554,74755.35489802773,98701.64679172586,88258.68420180448,120731.02005669322,39933.64108494065,55941.53611907728,500000,18000,-70126.21820140611,478321.88315226923,938871.2025695051,0.0,0.0,0,-0.0,0,0.0,0.5068084034884562,1.5068084034884561,3.915972070584204,4.915972070584203,2.4306335350080337,3.4306335350080337,3.5023482209856387,4.502348220985639,1.789746955608614,2.789746955608614,3.13652638496646,4.1365263849664595,150069.4588365801,2.1873366297211976,3.1873366297211976
2022-09-18,16936.13649057054,34163.64110264884,34968.44390998,37647.21021435166,19171.05670565825,16162.93204061119,74691.14221092965,98818.08248246623,88401.2979933916,121037.31746356287,39936.91409722801,56125.17476807519,500000,18500,-72820.63630695391,479009.92901565356,932965.2746577295,0.0,0.0,0,-0.0,0,0.0,3.4101641630318174,4.410164163031817,1.892492699638051,2.892492699638051,1.5280306501760537,2.5280306501760537,2.2150408164220807,3.215040816422081,1.0831879384844136,2.083187938484414,2.4724624608365833,3.4724624608365833,159049.42046382048,2.01170496326716,3.01170496326716
2022-09-25,26331.613613981994,36231.25684050928,29988.479159345377,27032.122081034304,16971.898434458246,8162.365188172713,74685.16908861432,98865.74452219016,88413.76068120482,120782.80365223555,39936.754050913776,55571.980298430026,500000,19000,-74453.16555735405,478256.2122935887,1103657.9029059273,0.0,0.0,0,-0.0,1,0.2,1.8363308904455728,2.836330890445573,1.728741786612569,2.7287417866125687,1.9482575695624178,2.9482575695624176,3.468121418295036,4.468121418295036,1.353110596621867,2.353110596621867,5.808318302022796,6.808318302022796,144717.73531750194,2.3047519106371,3.3047519106371
2022-10-02,49202.91853803685,23536.425637988672,21845.49176029258,40245.481909358066,27523.95793149613,7913.492435797685,74742.04076683293,98744.88304871814,88337.10766427836,121109.16482188491,39944.685089072154,55459.798964755304,500000,19500,-75000.0,478337.6803555418,920241.2663608734,0.0,0.0,0,-0.0,0,0.0,0.519057059776907,1.5190570597769069,3.195406922338292,4.195406922338293,3.043722550793942,4.043722550793942,2.009261141279167,3.009261141279167,0.4512696607257482,1.4512696607257483,6.008258289838742,7.008258289838742,170267.76821297,1.809326071375057,2.809326071375057
2022-10-09,57395.50561149217,33960.20589754799,23007.123792558996,36451.94821585916,2621.5839142663335,13623.854813665304,74769.5697186869,98825.77772371416,88307.69332409641,121072.78678707423,39928.07354687838,55946.43287159583,500000,20000,-74453.16555735405,478850.3339720459,925273.3978542741,0.0,0.0,0,-0.0,0,0.0,0.3027077455297468,1.3027077455297469,1.9100464826937231,2.910046482693723,2.8382760974519137,3.8382760974519137,2.321435278852916,3.321435278852916,14.230515159020765,15.230515159020763,3.1065053640676785,4.1065053640676785,167060.22224538994,1.86633363427876,2.86633363427876
2022-10-16,49029.91769482185,33103.66261834061,15209.461821383682,34300.13821918093,25132.798502323694,14030.595132586599,74767.45732100362,98838.39389726173,88182.99569910418,121009.73986196853,39939.5578088415,56006.99174017318,500000,20500,-72820.63630695391,478745.1363283528,923484.4599888291,0.0,0.0,0,-0.0,0,0.0,0.5249354034485756,1.5249354034485756,1.985723816629938,2.985723816629938,4.797903747989535,5.797903747989535,2.527966537298058,3.5279665372980578,0.589140891140667,1.589140891140667,2.991775916197224,3.991775916197224,170806.57398863736,1.802849592663808,2.802849592663808
2022-10-23,44936.34839690316,21240.047864602508,23187.431228424266,26446.094161682246,26144.940208076485,7765.63444508555,74760.54058755621,98701.50218708086,88234.20829855396,120755.33346910423,39945.05617733562,55506.57730712737,500000,21000,-70126.21820140611,477903.2180267582,1133809.9821263207,0.0,0.0,0,-0.0,1,0.2,0.6636986149214658,1.6636986149214659,3.646952907840257,4.646952907840257,2.8052601613926185,3.8052601613926185,3.566093304018658,4.566093304018658,0.5278312308014425,1.5278312308014423,6.14771957135511,7.14771957135511,149720.4963047742,2.1919692348195823,3.1919692348195823
2022-10-30,42434.36956609974,36443.52110344018,21166.19338860843,30639.48403313127,6340.028605526734,8129.6245487002425,74753.55636282239,98841.05091865266,88229.5897038876,120839.84994158274,39932.82285777669,55477.89309316068,500000,21500,-66409.20192399075,478074.76287788275,977376.020985719,0.0,0.0,0,-0.0,0,0.0,0.7616275940279792,1.7616275940279793,1.7121707213225976,2.7121707213225976,3.1684202768067142,4.168420276806715,2.94392574662535,3.94392574662535,5.298524082835592,6.298524082835592,5.824164235484951,6.824164235484951,145153.22124550657,2.293587002587324,3.2935870025873246
2022-11-06,25117.507225276717,38714.581220234024,26229.417023098777,46900.96437453957,16862.009267833157,8613.713589576102,74713.82140222275,98893.15014548704,88294.502802637,121261.8821623607,39934.3621234308,55529.25665612492,500000,22000,-61723.789942024276,478626.9752922632,927753.3496500823,0.0,0.0,0,-0.0,0,0.0,1.974571510306379,2.974571510306379,1.554416114768689,2.554416114768689,2.366239620380467,3.3662396203804676,1.5854880337639352,2.585488033763935,1.368303888885393,2.368303888885393,5.446610521543661,6.446610521543661,162438.19270055837,1.946517486651512,2.946517486651512
2022-11-13,36902.09082553156,44220.34019776929,17232.029427307512,44170.809412654315,16851.256384606124,5506.599257187606,74724.14607651912,98948.03545295578,88204.52163115611,121274.24445987087,39935.15238677453,55111.010522332595,500000,22500,-56138.30611283258,478197.110529609,917162.7448251948,0.0,0.0,0,-0.0,0,0.0,1.0249298726677973,2.0249298726677973,1.237613618765132,2.237613618765132,4.1186380573015295,5.1186380573015295,1.745574420583914,2.745574420583914,1.3698620135680737,2.3698620135680737,9.008175272678102,10.0081752726781,164883.1255050564,1.9002186188843464,2.900218618884346
2022-11-20,41249.16411875819,44249.14249855753,28234.14495550688,26796.333608941386,10818.428104955072,6875.793297178405,74737.22318587499,98962.92168490218,88308.31306154047,120844.31292012721,39929.14732929649,55279.371780802976,500000,23000,-49734.199368059664,478061.2899625443,949561.4496274596,0.0,0.0,0,-0.0,0,0.0,0.8118481860796785,1.8118481860796785,1.2364935476010241,2.2364935476010244,2.1277133839435263,3.1277133839435263,3.509733110644807,4.509733110644807,2.690845559255331,3.6908455592553304,7.0397082040682895,8.03970820406829,158223.00658389746,2.021439803756056,3.021439803756056
2022-11-27,64522.91991603821,20289.56688635722,36594.95456539786,40124.85688335429,14799.534483556537,6720.795004294692,74777.5204773928,98751.7497465857,88434.33573277018,121115.1751450538,39929.74804660321,55272.3054220848,500000,23500,-42604.85600483669,478280.8345704905,1202605.3610318708,0.0,0.0,0,-0.0,1,0.2,0.15892957998023954,1.1589295799802395,3.867119653154683,4.867119653154683,1.4165718138748216,2.4165718138748216,2.018457498730623,3.0184574987306227,1.698040812768019,2.6980408127680193,7.224072507309766,8.224072507309765,183052.62773899882,1.6128050740273212,2.6128050740273214
2022-12-04,54369.12002176962,25072.14157561866,23737.341651466486,48388.52202305563,13022.483198502106,7539.576440336154,74777.65049884706,98722.6653595397,88369.81569998579,121328.9190367406,39928.443944622304,55383.64821766167,500000,24000,-34854.23790328263,478511.1427573971,1387029.0206790713,1.0,0.25,0,-0.0,1,0.2,0.37536988770290525,1.3753698877029052,2.937544188707928,3.937544188707928,2.7228185446168665,3.7228185446168665,1.507390471214044,2.507390471214044,2.066115988478681,3.066115988478681,6.345724080913009,7.345724080913009,172129.18491074865,1.7799535738550767,2.779953573855077
2022-12-11,23351.886054859133,40008.5945417967,28112.4379694416,19805.127334783654,30432.61801466179,9855.443014899683,74726.02379537131,98877.9987442936,88380.44645811911,120614.17577223008,39943.459507311614,55647.15529023938,500000,24500,-26595.366528190196,478189.2595675651,1252899.7024080998,1.0,0.25,0,-0.0,0,0.0,2.1999995041009583,3.1999995041009583,1.471418950770601,2.471418950770601,2.143820061219494,3.143820061219494,5.090047982695671,6.090047982695671,0.3125213048732022,1.3125213048732023,4.646337278406536,5.646337278406536,151566.10693044256,2.154988072544596,3.154988072544596
2022-12-18,55267.245322048235,40422.049555910504,30724.144824252056,46845.110933460266,25776.464671335292,10783.841353834825,74762.15409669031,98916.40056754314,88410.6496432081,121235.26008369484,39946.66735061932,55750.72100936477,500000,25000,-17948.674821566834,479021.8527511205,1463360.1242793817,1.0,0.25,0,-0.0,1,0.2,0.3527389263033308,1.352738926303331,1.4470901810835963,2.4470901810835963,1.8775625863285639,2.8775625863285637,1.588002411946464,2.588002411946464,0.5497341415885474,1.5497341415885475,4.16983875968644,5.16983875968644,209818.8566608412,1.283025750757134,2.283025750757134
2022-12-25,45255.697777094014,40872.82925139761,22306.202216582693,32874.060479320855,28042.10336330046,14857.887875109984,74758.78771225066,98930.37675534624,88340.60103760319,121010.02855587102,39949.69538264372,56040.03596988892,500000,25500,-9040.251019149273,479029.52541360375,1133740.9007194624,1.0,0.25,1,-0.1,0,0.0,0.6519198992461346,1.6519198992461346,1.4204435701490714,2.4204435701490716,2.960360449522409,3.960360449522409,2.68101861441763,3.68101861441763,0.42463262705632415,1.424632627056324,2.771736362593468,3.771736362593468,184208.7809628056,1.6004706339722572,2.600470633972257
2023-01-01,41512.83666207728,74693.98157321388,27626.073187816666,48180.517356451244,24996.69905092608,7338.271211116961,74751.23378788179,99111.39769931583,88360.88653833636,121309.39724035213,39949.79145718018,55464.12164160694,500000,26000,4.82436794902991e-11,478946.8283646732,1468552.5627124817,1.0,0.25,0,-0.0,1,0.2,0.8006775686367004,1.8006775686367005,0.32689937812684916,1.3268993781268492,2.19845987294728,3.1984598729472804,1.5178101833750677,2.5178101833750675,0.5982026817136928,1.598202681713693,6.558200023676247,7.558200023676247,224348.3790416021,1.134835252256757,2.134835252256757
2023-01-08,61476.54568260758,42319.88605192786,26251.439881251637,32682.011201485453,14146.249912694451,13413.247465428665,74777.4840698686,99009.38232171394,88356.58040037188,121024.80718044103,39943.675793523136,55932.8432312328,500000,26500,9040.251019149237,479044.77299715136,1300799.2124829465,1.0,0.25,0,-0.0,0,0.0,0.2163579335756987,1.2163579335756987,1.3395474694857696,2.3395474694857694,2.3657803457659003,3.3657803457659003,2.703101575797154,3.703101575797154,1.8236229417719243,2.8236229417719243,3.169970275684113,4.169970275684113,190289.3801953956,1.517454061310473,2.517454061310473
2023-01-15,68392.34038964628,48404.7996883509,27245.082564494165,20683.292833791387,18023.817423204164,9943.502977764876,74793.06194422068,99006.37316734187,88364.5137756158,120534.41469263377,39941.973536802194,55709.9070103005,500000,27000,17948.674821566798,478350.2441269148,1271541.0938658523,1.0,0.25,0,-0.0,0,0.0,0.09358828076518615,1.0935882807651862,1.0453833876967524,2.0453833876967527,2.2433197281175636,3.2433197281175636,4.827622113230942,5.827622113230943,1.2160662527229238,2.2160662527229236,4.6026439711312985,5.6026439711312985,192692.83587725175,1.4824495521547627,2.4824495521547627
2023-01-22,67505.04673477617,47015.10909855526,20583.844203172863,23298.1667038286,24350.585346580785,10558.77786064934,74797.60786391469,98997.45309429252,88292.37817153081,120521.28754650777,39945.16575306124,55737.619751933686,500000,27500,26595.366528190163,478291.5121812407,1028315.2715073837,0.0,0.0,0,-0.0,0,0.0,0.10802986564531403,1.108029865645314,1.105651884945528,2.105651884945528,3.289401790066072,4.289401790066072,4.172994471135896,5.172994471135896,0.6404191186586892,1.6404191186586892,4.278794618803161,5.278794618803161,193311.52994756302,1.4742006455123517,2.4742006455123517
2023-01-29,41530.22480675105,44396.853871621424,27255.32522161686,43871.80948400909,14314.62820868458,12848.156007517939,74770.88319388093,98978.81530174981,88334.51471329121,121161.85885823247,39940.211228521,55913.4088732914,500000,28000,34854.2379032826,479099.69216896687,1030320.3117932766,0.0,0.0,0,-0.0,0,0.0,0.8003967843132493,1.8003967843132493,1.229410570126396,2.229410570126396,2.241000208033877,3.241000208033877,1.7617246765806402,2.76172467658064,1.7901675577078255,2.7901675577078255,3.351862542809596,4.351862542809596,184216.99760020096,1.6007355369494103,2.60073553694941
2023-02-05,50029.06117281064,35114.38032100174,31317.609735253027,46850.467469120864,26144.889305265868,7565.283297428875,74769.38549575374,98907.05715205628,88395.55110381827,121307.74303503263,39945.24000148131,55466.98623032273,500000,28500,42604.85600483667,478791.96301846503,924612.0025071141,0.0,0.0,1,-0.1,0,0.0,0.49451906038142407,1.494519060381424,1.8167108816355915,2.8167108816355912,1.8225510136654781,2.822551013665478,1.5892536315669965,2.5892536315669967,0.5278412363916913,1.5278412363916913,6.331779134982777,7.331779134982777,197021.69130088098,1.430148476835881,2.430148476835881
2023-02-12,60143.53912123179,46211.903560057515,39196.442687449504,33287.87061888976,20627.88267112252,12182.146768587818,74781.54315300698,98964.91743362723,88488.95945047007,121040.09576595604,39944.55967958274,55846.906516475276,500000,29000,49734.19936805964,479066.9819991183,1044815.6304658578,0.0,0.0,0,-0.0,0,0.0,0.2433844806217547,1.2433844806217547,1.1415460045918968,2.141546004591897,1.2575762845643073,2.2575762845643075,2.63616216704681,3.63616216704681,0.936435276292419,1.936435276292419,3.5843238944123454,4.5843238944123454,211649.78542733894,1.2634890984266354,2.2634890984266356
2023-02-19,70266.75628871654,31215.253421941085,35490.95629962223,52169.973010833404,20004.506907454874,11626.072501015396,74796.18041432943,98868.7265181369,88501.99929773627,121385.50771663758,39943.70589529554,55836.12743802814,500000,29500,56138.30611283255,479332.2472801638,1040491.7480577512,0.0,0.0,0,-0.0,0,0.0,0.06446041292986544,1.0644604129298654,2.167320962662518,3.1673209626625183,1.493649327185875,2.4936493271858753,1.3267312730146739,2.326731273014674,0.996735339695383,1.9967353396953829,3.8026646516397973,4.802664651639797,220773.51842958352,1.1711491971037662,2.1711491971037664
2023-02-26,48850.38268486585,36858.411309381554,45244.457786365056,24892.156254808644,26680.958310239028,12684.953042533487,74779.38831055221,98884.99969971302,88573.78983682056,120821.86271747244,39947.314928677646,55910.72643490993,500000,30000,61723.789942024174,478918.0819281458,1071323.5412353545,0.0,0.0,0,-0.0,0,0.0,0.5307840839846548,1.5307840839846547,1.682834017714265,2.6828340177142653,0.9576715949398185,1.9576715949398185,3.8538126420499306,4.85381264204993,0.49722189376337167,1.4972218937633717,3.407641577184997,4.4076415771849975,195211.3193881936,1.4533315149403718,2.4533315149403716
2023-03-05,53597.523683437,34614.05035508494,22052.42366359273,44312.9690829476,25218.54320227394,12143.987598402304,74777.4570532952,98870.3547599147,88443.33399318409,121206.15409386938,39948.54610343249,55880.39843969179,500000,30500,66409.20192399074,479126.24444338767,1060635.9817462056,0.0,0.0,0,-0.0,0,0.0,0.39516626728789234,1.3951662672878924,1.8563647924950297,2.8563647924950297,3.010594723844296,4.010594723844295,1.735229811999025,2.7352298119990253,0.5840941240345063,1.5840941240345063,3.601486784048064,4.601486784048064,191939.49758573854,1.4962357954978185,2.4962357954978187
2023-03-12,40067.23609051614,40482.32388428781,35309.695444068704,30797.61416333577,20499.107285328144,18698.352559853996,74757.69628273741,98914.84181744701,88479.01094263323,120945.05268821817,39946.67587337516,56241.3781597777,500000,31000,70126.21820140611,479284.65576418873,1085086.5922014099,0.0,0.0,0,-0.0,0,0.0,0.8658061692563928,1.8658061692563928,1.4434081921823243,2.4434081921823245,1.5057993231005302,2.5057993231005304,2.9270916262144087,3.9270916262144087,0.9487031955760462,1.948703195576046,2.007825314008137,3.007825314008137,185854.32942739056,1.5788188913373433,2.5788188913373435
2023-03-19,38930.840495150966,62958.34356618781,29903.705974087326,37677.11859146291,29705.554762729902,9461.568018518257,74746.1258315092,99059.11179738893,88452.60158578372,121071.97848800963,39950.35727399388,55717.97168962017,500000,31500,72820.63630695391,478998.1466663055,1268864.6266438386,0.0,0.0,0,-0.0,1,0.2,0.919972055081092,1.9199720550810921,0.5734072115993419,1.573407211599342,1.9579143689558476,2.9579143689558474,2.2134086420144348,3.2134086420144343,0.34487834322884386,1.3448783432288438,4.888872920489343,5.888872920489343,208637.13140813715,1.295843234775341,2.295843234775341
2023-03-26,69202.7137576853,21237.726569323146,46025.836676627536,46180.64519321483,16319.550603109547,9809.974419349011,74785.13485507527,98821.9897928933,88559.16504648239,121280.21311584223,39945.532370278546,55672.50800370526,500000,32000,74453.16555735403,479064.543184277,1092135.3133859201,0.0,0.0,0,-0.0,0,0.0,0.0806676616315501,1.08066766163155,3.653134104082347,4.653134104082347,0.9241185264852292,1.9241185264852292,1.6262130511260493,2.626213051126049,1.4477103164021734,2.447710316402173,4.675092066896509,5.675092066896509,208776.44721930937,1.2946292532751231,2.294629253275123
2023-04-02,77426.93376189568,46820.93523707847,22075.280383825455,35341.706283259235,26528.946974998915,9547.245087392374,74803.69116522264,98950.04223605063,88433.15699083263,121084.5190670433,39948.16086918737,55643.252399089935,500000,32500,75000.0,478862.82272742654,1103033.4019596048,0.0,0.0,0,-0.0,0,0.0,-0.033880233521064736,0.9661197664789353,1.1133717584882852,2.113371758488285,3.0059811451195677,4.005981145119568,2.4261084650686198,3.4261084650686198,0.5058328891393551,1.505832889139355,4.828199851344521,5.828199851344521,217741.04772845012,1.1992308190076655,2.1992308190076653
2023-04-09,55998.777162169885,23828.091578215903,21821.689755491236,41048.47665794201,26390.179142160257,9749.354439694214,74790.9766796636,98787.3789408111,88348.05478285774,121175.67049148439,39949.56084100706,55659.30059592537,500000,33000,74453.16555735405,478710.94233174925,1046289.3950376741,0.0,0.0,0,-0.0,0,0.0,0.33558231929015814,1.3355823192901581,3.1458368000870207,4.145836800087021,3.0486349028322026,4.048634902832203,1.9520138226137915,2.9520138226137913,0.5138040793813595,1.5138040793813594,4.709024216958421,5.709024216958421,178836.56873567347,1.6768067946958898,2.6768067946958896
2023-04-16,72055.13845294651,35182.18283130197,23705.9313287309,57677.22969822621,20943.579357942523,9488.267614993678,74800.95357813107,98848.18205600782,88320.72498484024,121492.63481773752,39947.57902414104,55636.2684584881,500000,33500,72820.6363069539,479046.34291934577,1309921.5064685107,0.0,0.0,0,-0.0,1,0.2,0.038107138285184604,1.0381071382851845,1.8096091288588698,2.80960912885887,2.72568045355797,3.7256804535579704,1.106422854450547,2.106422854450547,0.9073902479325509,1.9073902479325509,4.863690898702077,5.863690898702078,219052.32928414183,1.1869036703917215,2.1869036703917217
2023-04-23,62279.108768628765,50687.70384471363,11436.11840197867,38560.952280053614,24698.625490618408,14937.963271905506,74795.90005274047,98980.49732715244,88126.77362171395,121214.10173244932,39948.312919967786,56037.253610068794,500000,34000,70126.21820140613,479102.8392640928,1107782.4373149646,0.0,0.0,0,-0.0,0,0.0,0.20097897242898033,1.2009789724289803,0.9527516501909054,1.9527516501909052,6.706003953794873,7.706003953794873,2.1434416051791754,3.1434416051791754,0.6174306110735539,1.617430611073554,2.7513315965544347,3.751331596554435,202600.4720578986,1.3647666483579375,2.3647666483579375
2023-04-30,46962.02227072765,40289.97320381779,24113.369121456166,55339.360216625304,15148.845977609988,15589.276461930465,74776.93711830997,98946.14253044593,88223.23652193137,121462.13642498013,39943.080947349634,56103.33993574539,500000,34500,66409.20192399077,479454.8734787624,1056171.255028929,0.0,0.0,0,-0.0,0,0.0,0.5922852871887484,1.5922852871887485,1.455850293816279,2.455850293816279,2.6586856062112862,3.6586856062112862,1.1948597878529488,2.1948597878529488,1.6367078394212704,2.63670783942127,2.598841811084153,3.598841811084153,197442.84725216735,1.428322322896908,2.428322322896908
2023-05-07,61779.44315568423,28673.508571847557,22106.193244099428,31530.325002555008,28087.56574446462,9559.462933363176,74786.01330875559,98837.01699845813,88236.73341014543,121041.02799672169,39947.82328929131,55701.46632336431,500000,35000,61723.78994202428,478550.0813267364,1108725.3190055147,0.0,0.0,0,-0.0,0,0.0,0.2105323306377947,1.2105323306377946,2.446980223951353,3.446980223951353,2.9914938060942506,3.9914938060942506,2.8388766366002676,3.8388766366002676,0.422260072401043,1.422260072401043,4.826840557011043,5.826840557011042,181736.49865201404,1.633208435709197,2.633208435709197
2023-05-14,79088.74326348607,32059.69924394789,29212.247675057923,51172.20594818062,21297.86508794068,8706.57223398662,74805.34621748023,98831.34301277336,88332.57078976776,121368.25689139077,39946.55345574109,55562.77083802798,500000,35500,56138.306112832586,478846.8412051812,1292962.5569689376,0.0,0.0,0,-0.0,1,0.2,-0.0541593767868533,0.9458406232131467,2.0827283269486805,3.0827283269486805,2.023819726997184,3.023819726997184,1.3717612841293958,2.371761284129396,0.8756130387153077,1.8756130387153078,5.381704457827319,6.381704457827319,221537.33345259985,1.1614724423305172,2.1614724423305174
2023-05-21,55085.91501224701,45732.29140857416,30545.700605665417,61797.46792701183,19112.984116444277,12538.90778893847,74790.85117955657,98944.39818790382,88386.4066586961,121579.41429789102,39944.53661820759,55879.017857762636,500000,36000,49734.19936805967,479524.6248000177,1051158.587052909,0.0,0.0,0,-0.0,0,0.0,0.3577127867065229,1.3577127867065228,1.1635565404744435,2.1635565404744437,1.8935792895941224,2.893579289594123,0.9673850462851789,1.967385046285179,1.0899162775864197,2.0899162775864197,3.456450178783338,4.456450178783339,224813.26685888116,1.132990777190311,2.1329907771903107
2023-05-28,78649.72216060947,31322.380809208193,42599.400375426776,14484.319857192026,28366.08228438109,9379.344331836963,74806.46229262726,98861.47178833441,88511.24898911563,120523.54868336848,39948.61975776415,55651.62546191821,500000,36500,42604.85600483675,478302.97697312816,1056292.4514248108,0.0,0.0,0,-0.0,0,0.0,-0.048865523773039474,0.9511344762269606,2.1562566201631452,3.1562566201631452,1.0777580953973438,2.0777580953973436,7.3209670783073655,8.320967078307365,0.4083234814474408,1.4083234814474408,4.933423861305104,5.933423861305103,204801.24981865453,1.3354495023670576,2.3354495023670574
2023-06-04,15399.234170667545,40451.373408229345,34951.09607149526,34193.58551996525,17652.10214954893,12837.877599669275,74734.04537288834,98912.32260668739,88509.01248472737,120912.99009511278,39944.93523041797,55906.125465543344,500000,37000,34854.237903282636,478919.4312553772,956862.8404932284,0.0,0.0,1,-0.1,0,0.0,3.853101429890697,4.853101429890697,1.44521543455345,2.44521543455345,1.5323672912481803,2.5323672912481805,2.536130775888157,3.5361307758881573,1.2628996190937347,2.262899619093735,3.354779443214475,4.354779443214475,155485.2689195756,2.0801595198262617,3.0801595198262617
2023-06-11,66505.40815468719,38379.52781137932,22473.206049230193,50266.36199741355,13219.980457442176,11444.143180365667,74779.15947641348,98910.2430928227,88403.37147877394,121335.33741624303,39939.05152098837,55828.69970417366,500000,37500,26595.36652819021,479195.86268941517,1253469.5828893748,0.0,0.0,0,-0.0,1,0.2,0.1244071956145595,1.1244071956145596,1.5771615424485852,2.5771615424485854,2.933723176173261,3.9337231761732614,1.4138476029454115,2.4138476029454115,2.0211127504734483,3.0211127504734483,3.8783643147664466,4.878364314766447,202288.6276505181,1.3688719838333823,2.3688719838333823
2023-06-18,54938.1817809078,31026.72955407649,19628.920507880754,40469.435973352265,12113.215261790669,6179.26280647535,74778.99319729272,98845.74546526681,88305.62264117022,121214.41340147247,39933.42378065136,55270.82205457554,500000,38000,17948.674821566907,478349.0205404291,1045072.8152109234,0.0,0.0,0,-0.0,0,0.0,0.3611479443478784,1.3611479443478784,2.1858254764811273,3.1858254764811273,3.4987508409194827,4.498750840919483,1.9952088653098108,2.995208865309811,2.296682418136776,3.296682418136776,7.944565684543526,8.944565684543527,164355.74588448333,1.9104490260817195,2.9104490260817197
2023-06-25,48585.52186223732,58588.88337671098,30470.66943166471,46910.25617583597,24864.312555763972,15256.642027835253,74770.86924131293,99025.36254733546,88374.85783835257,121317.94593561899,39941.500767647,56037.71591187525,500000,38500,9040.251019149215,479468.2522421422,1265347.157215027,1.0,0.25,0,-0.0,0,0.0,0.5389537124521029,1.5389537124521029,0.6901732349228887,1.6901732349228886,1.9003254436712376,2.9003254436712376,1.5861710386077852,2.586171038607785,0.6063786472306019,1.6063786472306019,2.673004571362181,3.673004571362181,224676.28543004818,1.1340403208304874,2.1340403208304877
2023-07-02,53876.41164803253,43089.190223180114,15688.134343834865,34752.17775941015,13317.423885022301,15887.633019286564,74774.43363455281,98980.03428769029,88234.89148172062,121079.72962428088,39936.393393789884,56119.02751303849,500000,39000,2.7554552980815445e-11,479124.509935073,1225136.628402809,0.0,0.0,0,-0.0,1,0.2,0.3878881563799069,1.387888156379907,1.2970966447738748,2.2970966447738745,4.624307489207296,5.624307489207296,2.4840904205347267,3.4840904205347263,1.9988077077508304,2.99880770775083,2.532245957904088,3.532245957904088,176610.97087876653,1.7128807884984958,2.7128807884984956
2023-07-09,22115.83416176127,16099.131649966193,40616.35406722216,42582.57175429453,31300.51224421605,8547.507504701774,74720.6308951673,98706.0797882527,88444.56471247568,121208.09313859901,39946.78515366129,55609.690103786925,500000,39500,-9040.251019149293,478635.8437919429,980821.302834694,0.0,0.0,0,-0.0,0,0.0,2.378603327762368,3.3786033277623684,5.131143091090877,6.131143091090877,1.1775604123918995,2.1775604123918995,1.8464249138821671,2.846424913882167,0.2762342303533055,1.2762342303533056,5.505953937238124,6.505953937238124,161261.91138216195,1.9680650544793643,2.9680650544793643
2023-07-16,48072.445925102096,37821.81011755962,35119.28308710268,39225.89256942687,8055.433249763578,9110.400168725004,74748.96067154035,98855.09664290892,88477.96298642847,121159.15815203777,39936.19255695962,55594.106997342176,500000,40000,-17948.674821566856,478771.47800721735,998598.2819586765,0.0,0.0,0,-0.0,0,0.0,0.5549231838130483,1.5549231838130482,1.613706121828718,2.613706121828718,1.51935561346699,2.51935561346699,2.0887546519838955,3.0887546519838955,3.9576715886922313,4.957671588692231,5.102268393016433,6.102268393016434,177405.26511767987,1.6987444689966187,2.698744468996619
2023-07-23,56179.817983617366,28958.325939974937,21658.159488632948,54671.88826867063,30507.9899741167,11022.22205436295,74769.93785334357,98804.89505329952,88374.41140307128,121443.55744048196,39946.18087344563,55765.89974178649,500000,40500,-26595.366528190156,479104.8823654285,875630.4114242188,0.0,0.0,1,-0.1,0,0.0,0.33090388215830957,1.3309038821583095,2.4119684700732753,3.4119684700732753,3.0804211202458656,4.080421120245866,1.22131631605039,2.2213163160503897,0.3093678379774082,1.3093678379774083,4.059406303623918,5.059406303623919,202998.4037093755,1.3601411321999521,2.3601411321999524
2023-07-30,72472.99993910902,43737.545835552635,11447.218401266124,43296.721534003584,21387.940510410226,11064.288223558331,74794.77706357109,98924.41209073398,88169.49864433942,121296.73100396506,39945.696322269134,55784.619136722475,500000,41000,-34854.237903282585,478915.7342616012,970350.8975065233,0.0,0.0,0,-0.0,0,0.0,0.03203644290167093,1.0320364429016708,1.26177327055973,2.26177327055973,6.702264039496915,7.702264039496914,1.8015223025305338,2.801522302530534,0.8676738091180975,1.8676738091180975,4.041862432501045,5.041862432501045,203406.71444389995,1.354473575618799,2.3544735756187993
2023-08-06,42045.87940249592,26948.745489293437,35740.94533162362,43907.17808618293,19347.6943994179,11939.619353338618,74769.9486430726,98810.04615880329,88379.02457757943,121276.06164638828,39944.160452281874,55853.35001640135,500000,41500,-42604.856004836714,479032.59149452683,1002649.5989938988,0.0,0.0,0,-0.0,0,0.0,0.7782943229065656,1.7782943229065655,2.6665916859862695,3.6665916859862695,1.4727668436733148,2.472766843673315,1.7621010261315886,2.7621010261315884,1.0645436933035106,2.0645436933035106,3.6779841436723317,4.677984143672332,179930.06206235243,1.662326606259516,2.662326606259516
2023-08-13,37249.290357705904,33416.321666103606,23772.028438530917,34558.83192741337,16481.16323958779,15905.952496519792,74749.11641579657,98837.02248006315,88338.95062131711,121064.05530098286,39941.15061359267,56105.13028042706,500000,42000,-49734.19936805964,479035.4257121794,993127.4287560051,0.0,0.0,0,-0.0,0,0.0,1.0067259187484878,2.006725918748488,1.9577469198328945,2.9577469198328945,2.7160880422864055,3.7160880422864055,2.5031292595555086,3.5031292595555086,1.423442449599306,2.4234424495993063,2.5273040261312745,3.5273040261312745,161383.58812586137,1.9683032288176954,2.9683032288176956
2023-08-20,41455.449579735425,39337.136453257,34393.433112539424,33334.16949793286,21987.538779513816,9265.519364218546,74747.00179782532,98897.24130733835,88426.19281214697,120981.7043729219,39943.08070987115,55675.35449088292,500000,42500,-56138.30611283255,478670.5754909866,880711.8048584822,0.0,0.0,1,-0.1,0,0.0,0.8030681745244834,1.8030681745244834,1.514093556984114,2.5140935569841143,1.5710196630503823,2.5710196630503823,2.6293600889148983,3.6293600889148983,0.8166235480201557,1.8166235480201558,5.0088757361934,6.0088757361934,179773.24678719707,1.6626352032102036,2.6626352032102036
2023-08-27,62372.52269247308,42706.595590560595,11565.324193116054,33722.49448771813,19230.7881562277,7333.406451773034,74777.38964324773,98938.41882122254,88214.22109971914,120975.11113629569,39942.42619688452,55402.13243070395,500000,43000,-61723.789942024174,478249.6993280736,937679.6540925979,0.0,0.0,0,-0.0,0,0.0,0.19888352138547752,1.1988835213854776,1.3167011430686557,2.3167011430686557,6.627474995662142,7.627474995662142,2.5873713666216274,3.587371366621627,1.0770041182087255,2.0770041182087255,6.55476091432367,7.55476091432367,176931.1315718686,1.7030274156914593,2.7030274156914595
2023-09-03,53292.44805509076,21849.862916579084,19385.590521467566,43422.37083669596,25964.283856177328,5534.278597995517,74776.29534444591,98757.90331245349,88191.66690571683,121208.91335848266,39946.20229570875,55096.808284465806,500000,43500,-66409.20192399068,477977.7895012734,1044247.2773411149,0.0,0.0,1,-0.1,1,0.2,0.4031311766189902,1.4031311766189902,3.5198408653410214,4.5198408653410205,3.549341265000596,4.549341265000597,1.7913932616514296,2.7913932616514296,0.5385058381344453,1.5385058381344452,8.955553792398804,9.955553792398804,169448.8347840062,1.8207794412428049,2.8207794412428053
2023-09-10,40199.02855058017,30356.789766550544,24114.66540128834,33464.53151582545,19943.53853480654,7436.296201591394,74757.33029150736,98790.34255785162,88250.0058832417,121019.009185752,39944.92103403149,55355.855120100976,500000,44000,-70126.21820140605,478117.46407248516,976253.1998706628,0.0,0.0,0,-0.0,0,0.0,0.8596800218056121,1.859680021805612,2.2543079593582864,3.2543079593582864,2.659599020541537,3.659599020541537,2.616336572006748,3.616336572006748,1.0029003862237114,2.0029003862237116,6.444008901669977,7.444008901669978,155514.84997064242,2.0744167786082333,3.0744167786082333
2023-09-17,55696.86651213418,28849.04539919413,24374.772257834855,41875.58229510403,20100.952574944804,9500.190084465377,74771.985708472,98782.46847735584,88280.58260500076,121182.53205126255,39943.96859868142,55610.80526244526,500000,44500,-72820.63630695392,478572.3427032178,1048111.2153086885,0.0,0.0,1,-0.1,1,0.2,0.3424810117851441,1.342481011785144,2.424115672129492,3.424115672129492,2.6218013309488244,3.6218013309488244,1.893870972283312,2.893870972283312,0.9871679438948732,1.987167943894873,4.853651849911881,5.853651849911881,180397.40912367738,1.6528781373745607,2.6528781373745605
2023-09-24,49377.23425434572,27011.45738415046,20360.011735228607,63241.666395045366,16986.755132366907,14967.887793378386,74768.90194345872,98757.92347350567,88243.10482722208,121573.32058014875,39941.27986722202,56037.468815516135,500000,45000,-74453.16555735405,479321.99950707343,996255.4247493532,0.0,0.0,0,-0.0,0,0.0,0.5142383544270358,1.5142383544270357,2.6561493913117755,3.6561493913117755,3.3341382104675525,4.334138210467552,0.9223611190244244,1.9223611190244245,1.351318986821509,2.351318986821509,2.7438461317372007,3.7438461317372007,191945.01269451543,1.497183921469867,2.497183921469867
2023-10-01,62446.341524660005,51196.209069477634,28941.132792113323,48786.829774513644,18824.992924340262,8030.49943622482,74784.02180720813,98967.93258210366,88331.82339330892,121425.22775380746,39940.95114359432,55541.18490695273,500000,45500,-75000.0,478991.1415869752,1052306.6125335603,0.0,0.0,1,-0.1,1,0.2,0.1975725075531605,1.1975725075531605,0.9331105638660806,1.9331105638660806,2.05212045526359,3.05212045526359,1.488893586958181,2.488893586958181,1.121698069376251,2.121698069376251,5.916280282196612,6.916280282196612,218226.00552132967,1.194931536425699,2.194931536425699
2023-10-08,37454.37717006739,37639.438614368926,15451.623354053081,34475.85647656805,21040.880044643425,10268.39857056223,74757.12979325726,98922.61470692324,88202.0915867151,121102.81319330618,39942.410302738885,55697.306771067306,500000,46000,-74453.16555735406,478624.366354008,954012.1831264546,0.0,0.0,0,-0.0,0,0.0,0.995951753617767,1.9959517536177669,1.6281639245586237,2.6281639245586237,4.70827346523296,5.70827346523296,2.512684689229265,3.512684689229265,0.8983241298838829,1.8983241298838829,4.424147337905455,5.424147337905455,156330.5742302631,2.0616171450188014,3.061617145018802
2023-10-15,43211.127944672444,21079.402557196827,22923.994191649137,52915.41518087851,8989.413701515832,9575.943340509537,74753.38181114114,98739.8240616513,88238.26089272943,121406.76820917585,39932.97415216226,55648.566951747816,500000,46500,-72820.63630695392,478719.7760786078,850976.8965104385,0.0,0.0,1,-0.1,0,0.0,0.7299567349145668,1.7299567349145668,3.6841851325591786,4.684185132559179,2.849166081401002,3.849166081401002,1.29435539330413,2.29435539330413,3.442222315947991,4.442222315947991,4.811288243147306,5.811288243147306,158695.2969164223,2.016597122791409,3.016597122791409
2023-10-22,42456.117002411076,43015.03698012317,25131.23470339191,33773.286963256134,11245.983187123098,13232.727680222939,74750.51297237223,98906.18255292875,88285.30010020024,121080.31829358255,39928.01752784749,55932.520570754,500000,47000,-70126.21820140613,478882.85201768525,958427.4519119248,0.0,0.0,0,-0.0,0,0.0,0.7606535465343466,1.7606535465343467,1.2993397076150912,2.299339707615091,2.5129710554286677,3.5129710554286677,2.5850913304740715,3.5850913304740715,2.5504247928776884,3.5504247928776884,3.2268322844993116,4.226832284499311,168854.38651652832,1.836069952916561,2.836069952916561
2023-10-29,26664.867444623967,55253.876136750354,28424.306505772864,14436.57891115035,23906.62123077859,17304.315610942016,74715.96334210954,99018.61395594534,88344.57662346003,120242.20672354805,39938.38377739306,56181.050892656625,500000,47500,-66409.20192399077,478440.7953151126,1148388.5153417352,0.0,0.0,0,-0.0,1,0.2,1.802037681127621,2.802037681127621,0.7920663830150058,1.7920663830150056,2.1080644520040477,3.108064452004048,7.328995911259614,8.328995911259614,0.6705992616796207,1.6705992616796206,2.246649688770802,3.246649688770802,165990.56584001816,1.8823372755788679,2.882337275578868
2023-11-05,53403.80790342344,44598.05522872983,30173.92089843852,27072.567266954986,20609.994127749567,8199.794430729997,74756.68775620229,98986.98567424469,88388.9054829889,120630.99170486374,39940.63320186616,55587.35885760449,500000,48000,-61723.78994202422,478291.5626777703,978729.9462695179,0.0,0.0,0,-0.0,0,0.0,0.3998381518298066,1.3998381518298066,1.2195359229583134,2.2195359229583134,1.9293145488282557,2.929314548828256,3.455838654507916,4.455838654507915,0.937925501302767,1.937925501302767,5.779116150678397,6.779116150678397,184058.13985602633,1.5985895709469775,2.5985895709469777
2023-11-12,53282.24970081719,19362.79477314306,15686.073574356471,17043.633442184815,18642.668229131465,8404.965796069102,74768.50546809456,98754.4485382189,88244.48816920347,120225.8728668978,39940.409431048334,55517.492692045635,500000,48500,-56138.3061128326,477451.21716550866,988946.9573885677,0.0,0.0,0,-0.0,0,0.0,0.403253539179068,1.403253539179068,4.1002166626893715,5.1002166626893715,4.625658183413419,5.625658183413419,6.0540048443734955,7.0540048443734955,1.142419150528921,2.1424191505289207,5.6053204782832635,6.6053204782832635,132422.3855157021,2.6055174153987317,3.6055174153987313
2023-11-19,49902.11419945858,30035.447916212648,12639.792809025852,35642.16807136163,20040.768538321023,13097.565101171549,74768.22496258128,98785.7396530029,88095.40417028585,120921.24639273503,39941.37406767101,55914.83506653465,500000,49000,-49734.19936805968,478426.8243128107,961972.835734592,0.0,0.0,0,-0.0,0,0.0,0.4982977407276363,1.4982977407276363,2.2889717486010905,3.2889717486010905,5.969687359699321,6.9696873596993205,2.392645648004081,3.3926456480040805,0.9930061060930361,1.993006106093036,3.269101518841329,4.26910151884133,161357.8566355513,1.9650048301856349,2.9650048301856344
2023-11-26,46813.94618879394,47902.038724461025,35387.79116989864,40487.223101811534,22218.591507938483,12112.225106763164,74763.68503789192,98950.59824082904,88353.02339618698,121135.43317384059,39943.42848748486,55878.574696362346,500000,49500,-42604.856004836656,479024.7430325958,959295.2279566035,0.0,0.0,0,-0.0,0,0.0,0.597038727228435,1.597038727228435,1.0656865735925396,2.0656865735925396,1.4967091891098678,2.496709189109868,1.9919422448219373,2.991942244821937,0.7977480018575195,1.7977480018575196,3.6134029217440107,4.613402921744011,204921.8157996668,1.337597591370624,2.3375975913706237
2023-12-03,29650.951214153145,28540.363985248747,28099.268268291413,60822.45762323088,17114.046856107576,15716.424446189973,74730.81077878605,98837.60928463092,88372.19897723907,121533.66587134164,39941.01462812132,56096.91426916309,500000,50000,-34854.23790328264,479512.2138092821,1206598.3624204334,1.0,0.25,0,-0.0,0,0.0,1.5203512102881596,2.5203512102881596,2.4630815968470374,3.463081596847038,2.1450000097320174,3.1450000097320174,0.9981709161473009,1.998170916147301,1.3338147291484928,2.333814729148493,2.5693178471495335,3.5693178471495335,179943.51239322172,1.664793008827279,2.6647930088272793
2023-12-10,45154.47521048642,40463.10281783905,19744.18523353097,45094.45252674339,15915.833668372848,12044.615566371252,74746.92662505037,98906.48250676139,88287.16806904045,121352.12471446815,39938.60969819578,55895.106381481455,500000,50500,-26595.366528190218,479126.4179949976,1263948.64087176,1.0,0.25,0,-0.0,0,0.0,0.6553603220194567,1.6553603220194568,1.4443622861061531,2.4443622861061534,3.471552866061292,4.471552866061292,1.6910654839971708,2.691065483997171,1.5093633503823174,2.5093633503823174,3.6406716821698675,4.6406716821698675,178416.6650233439,1.6854353427820719,2.6854353427820716
2023-12-17,46931.934699891426,44197.19724774845,38445.54202807667,39028.91561252801,22004.132509703282,9336.654217197418,74755.55505950787,98951.27030466721,88442.89299725898,121187.47436043307,39941.897997774264,55649.76461676109,500000,51000,-17948.674821566918,478928.8553364024,1141709.8754685833,1.0,0.25,1,-0.1,0,0.0,0.5928504873608121,1.592850487360812,1.2388584902792248,2.238858490279225,1.3004720009583788,2.300472000958379,2.1050689587064193,3.1050689587064193,0.8151998484903173,1.8151998484903173,4.9603540328459825,5.960354032845983,199944.37631514526,1.3953104566518624,2.3953104566518624
2023-12-24,40664.43961168114,27619.71433922297,27274.696399345583,52111.74589420621,15209.20279431198,12311.684222078013,74748.3355933068,98828.70265794538,88409.38962333906,121405.70281265273,39938.40969577295,55869.058123652845,500000,51500,-9040.251019149357,479199.59850666975,1234016.372500351,1.0,0.25,0,-0.0,0,0.0,0.838174491204222,1.8381744912042222,2.578194236339294,3.578194236339294,2.24144358305159,3.2414435830515904,1.3297185831985459,2.329718583198546,1.6259370879523898,2.62593708795239,3.5378891397705985,4.5378891397705985,175191.48326084588,1.7352904923647485,2.7352904923647485
2023-12-31,50914.0476583432,36738.07977271534,36101.04413917728,16133.04295857205,23782.849867620167,13992.777408415392,74762.25327075351,98873.03405021792,88470.21451818035,120493.99354835752,39942.940547381004,55997.85071518447,500000,52000,9.64873589805982e-11,478540.28665007476,1192892.9017382052,1.0,0.25,1,-0.1,0,0.0,0.46840129019878357,1.4684012901987835,1.6912956437001643,2.6912956437001645,1.4506275823244523,2.4506275823244525,6.468770389924168,7.468770389924168,0.6794850394175195,1.6794850394175194,3.0019110631679755,4.0019110631679755,177661.84180484343,1.693545680876921,2.693545680876921
2024-01-07,60028.83086887931,5364.974210972139,27524.18185961149,46001.82911063178,11371.72558123745,13255.06014692434,74779.05287652308,98392.08467017401,88427.1769637615,121205.82429970395,39935.86063503074,55964.051958307326,500000,52500,9040.251019149284,478704.0514035006,1350165.3683769682,1.0,0.25,0,-0.0,0,0.0,0.24571896194118145,1.2457189619411815,17.339712513239697,18.339712513239697,2.212708643431761,3.212708643431761,1.634804455453518,2.634804455453518,2.5118558172844154,3.5118558172844154,3.222089627506748,4.222089627506748,163546.60177825653,1.9270192483274462,2.927019248327446
2024-01-14,82886.80273703163,27971.93353986868,43782.99050849274,52925.59370174255,28012.53951150334,12440.62493709663,74806.45427539264,98684.53694320987,88535.04762701028,121422.08159992949,39944.608979642006,55906.70150893915,500000,53000,17948.674821566845,479299.4309341234,1312688.713963815,1.0,0.25,0,-0.0,0,0.0,-0.09748655026874266,0.9025134497312574,2.527984106016618,3.527984106016618,1.022133403834917,2.022133403834917,1.2942034865814214,2.2942034865814214,0.42595457877850623,1.4259545787785062,3.493882083224876,4.493882083224876,248020.48493573559,0.9324993701964349,1.932499370196435
2024-01-21,57821.17880717744,36116.076616358296,41643.98254689556,26418.974342401787,24916.5895403582,14240.526391707432,74794.13021725162,98834.45153864904,88565.57292554382,120883.7963428112,39946.817034188265,56015.992654850954,500000,53500,26595.366528190145,479040.76071329485,1075905.9427305176,0.0,0.0,0,-0.0,0,0.0,0.29354212003659963,1.2935421200365997,1.7365777459305558,2.7365777459305556,1.1267315830278612,2.126731583027861,3.5756430501844183,4.575643050184418,0.603221699722794,1.6032216997227942,2.933561942448299,3.933561942448299,201157.3282448987,1.3814233609728965,2.3814233609728968
2024-01-28,59648.41018259877,26571.776205581613,25900.86397304606,58353.17197588899,23850.240134586176,14664.91763568848,74790.40789508374,98770.3195778775,88469.99437366116,121468.48494160741,39947.5007075552,56050.62725747178,500000,54000,34854.23790328258,479497.3347532568,1069988.1598274908,0.0,0.0,0,-0.0,0,0.0,0.2538541709013118,1.2538541709013118,2.7171139337358263,3.7171139337358263,2.415715957032482,3.415715957032482,1.08160894821274,2.08160894821274,0.6749307546646354,1.6749307546646353,2.822089468887791,3.822089468887791,208989.38010739008,1.2943622039879017,2.2943622039879017
2024-02-04,55217.22474075301,55757.852473388215,35939.52434625761,49129.08767172939,28429.711294571287,15413.259668561685,74784.04313616749,98997.87177934634,88496.4323965455,121406.99609525113,39950.23597364761,56095.204104211574,500000,54500,42604.85600483659,479730.78348516964,1074857.8464261834,0.0,0.0,0,-0.0,0,0.0,0.35436077215545403,1.354360772155454,0.775496497584721,1.775496497584721,1.4623707187644137,2.4623707187644137,1.4711836072851199,2.47118360728512,0.4052283387512341,1.405228338751234,2.6394121237461894,3.63941212374619,239886.6601952612,0.9998226791547385,1.9998226791547384
2024-02-11,28059.686087359376,25487.464242185175,33583.634755103674,40489.54848666638,32729.34839351346,13314.380526137928,74740.57683351927,98829.48910808263,88490.78192662915,121231.93102157966,39953.46637344378,55978.54109439848,500000,55000,49734.19936805963,479224.786357653,1102340.5153854678,0.0,0.0,0,-0.0,0,0.0,1.6636284027136425,2.6636284027136425,2.87757244773321,3.87757244773321,1.634937598979851,2.634937598979851,1.9941536903406707,2.9941536903406702,0.22072293933484008,1.22072293933484,3.2043669237562384,4.204366923756238,173664.062490966,1.7594931241608047,2.7594931241608047
2024-02-18,56902.53791680955,35709.72736701363,39599.1754845327,53433.57923211366,29006.318809527904,10958.694968758999,74768.48221417239,98864.04363390685,88532.17318456317,121434.45155371712,39953.79435053298,55799.855246931125,500000,55500,56138.30611283255,479352.8001838237,1085185.6154128832,0.0,0.0,0,-0.0,0,0.0,0.31397447199073103,1.3139744719907311,1.76854658165862,2.76854658165862,1.2357074888880837,2.235707488888084,1.2726243178696672,2.272624317869667,0.3774169212195615,1.3774169212195615,4.0918339643548,5.091833964354799,225610.03377875645,1.1246962830292337,2.1246962830292335
2024-02-25,58608.11606832726,41700.66981630922,21132.943774965097,73412.04462902225,12036.619779694876,11981.073643142343,74779.42698663611,98922.54309337649,88405.666686782,121731.006297534,39945.73811906382,55857.787451229364,500000,56000,61723.789942024174,479642.1686346218,1102713.804858084,0.0,0.0,0,-0.0,0,0.0,0.2759227220246392,1.2759227220246392,1.3722051355320837,2.3722051355320835,3.1833105519123546,4.183310551912355,0.6581884745573432,1.6581884745573432,2.3186840533461153,3.3186840533461153,3.6621687767690934,4.662168776769094,218871.46771146107,1.1914330526943582,2.191433052694358
2024-03-03,94997.70668734022,55047.08539070379,34512.949180017975,48621.65506075068,15542.168199610158,15229.341899537254,74815.63370527816,99020.92949005352,88455.57867384446,121463.76286687027,39941.58520858785,56068.8156824854,500000,56500,66409.20192399074,479766.30562711967,998841.9129199196,0.0,0.0,1,-0.1,0,0.0,-0.21244800201846983,0.7875519979815302,0.7988405523605782,1.7988405523605782,1.5629678359987198,2.5629678359987196,1.4981412647328949,2.498141264732895,1.5698850183328796,2.56988501833288,2.6816308972739695,3.6816308972739695,263950.9064179601,0.8176346205359146,1.8176346205359146
2024-03-10,55443.51289555639,26471.627645296867,37631.859578433316,49641.78892942261,19582.65948073522,9214.978460492937,74796.50924240974,98851.1498266369,88501.88134896329,121414.55170963173,39941.59068053291,55664.5472482082,500000,57000,70126.2182014061,479170.2300563828,982304.9943591489,0.0,0.0,1,-0.1,0,0.0,0.3490579030104065,1.3490579030104066,2.734230140706874,3.7342301407068743,1.3517807076343207,2.3517807076343207,1.4458133827983286,2.4458133827983284,1.0396407709497344,2.039640770949734,5.040659507437474,6.040659507437474,197986.42698993735,1.4202175742114713,2.4202175742114713
2024-03-17,63063.81665803188,52610.06208766898,15200.387370128934,41320.154423939224,23572.78891047608,12814.141231224241,74794.77420839354,98992.75153720898,88320.90229223075,121250.78797595763,39944.36811921691,55905.448152521654,500000,57500,72820.63630695391,479209.03228552954,1129370.5155832137,0.0,0.0,0,-0.0,0,0.0,0.18601724684653378,1.1860172468465338,0.881631528437436,1.8816315284374359,4.810437598833482,5.810437598833482,1.9344224305635662,2.934422430563566,0.6945117640053642,1.6945117640053642,3.362793194154654,4.362793194154654,208581.3506814693,1.2974682574442797,2.29746825744428
2024-03-24,58160.81654286034,41179.375772103165,19874.678442893295,36747.06203717369,26578.551358190336,10556.282180705717,74789.12301964688,98956.39219101508,88258.29317631252,121111.31164242959,39947.6047885995,55758.523926093956,500000,58000,74453.16555735405,478821.2487440975,1107775.2191675433,0.0,0.0,0,-0.0,0,0.0,0.2859022184554902,1.2859022184554902,1.4030571210856666,2.403057121085667,3.440740685687499,4.440740685687499,2.2958093770846824,3.2958093770846824,0.5030015838801316,1.5030015838801316,4.282022872409265,5.282022872409265,193096.76633392653,1.4796958428400673,2.4796958428400675
2024-03-31,41219.82943570702,31309.91348952049,13061.142577919196,56964.029798530944,19145.537121079207,11836.234468804452,74765.66098961551,98866.10872049056,88111.61190387158,121473.15527023867,39945.133932845405,55843.3534160276,500000,58500,75000.0,479005.0242330894,1097390.1210432325,0.0,0.0,0,-0.0,0,0.0,0.8138275197434257,1.8138275197434257,2.157661510421653,3.157661510421653,5.746087593655905,6.746087593655904,1.1324536852442164,2.1324536852442164,1.0863940081819838,2.086394008181984,3.7179999317526358,4.717999931752636,173536.68689156132,1.7602522141753665,2.7602522141753663
2024-04-07,75887.93787026686,45742.951699411795,27217.543150714315,36723.47061112684,24618.83884787909,15584.474718330206,74796.84509828537,98952.06390267076,88259.98251385,121168.70198360125,39946.83264176713,56087.20531841762,500000,59000,74453.16555735406,479211.63145859214,1123394.9938873544,0.0,0.0,0,-0.0,0,0.0,-0.014377683761110436,0.9856223162388895,1.1632199109692167,2.1632199109692167,2.2427608188262815,3.2427608188262815,2.2994893992096803,3.2994893992096803,0.6226123778054845,1.6226123778054846,2.598915352113136,3.598915352113136,225775.2168977291,1.1225165367714556,2.1225165367714554
2024-04-14,69947.80714153443,43058.76511159768,35074.74387198411,47793.84416761897,18935.227066373194,12307.059534306276,74801.22479316032,98956.15393461427,88402.06890488316,121326.54305627807,39944.473325402316,55911.91592296487,500000,59500,72820.63630695394,479342.379937303,1093693.656608436,0.0,0.0,0,-0.0,0,0.0,0.0693862731365594,1.0693862731365593,1.2981651628453434,2.2981651628453434,1.5203910034962267,2.520391003496227,1.538539118777949,2.538539118777949,1.1095323116742102,2.10953231167421,3.5430767412076647,4.543076741207664,227117.4468934147,1.110548469498499,2.1105484694984993
2024-04-21,70386.71426522663,34962.6957701187,41279.47394655869,41085.09868648334,19739.387205880677,11843.556656384631,74803.27135834009,98897.3994082362,88507.4769473412,121225.33091264393,39943.65443988091,55858.95386671858,500000,60000,70126.21820140617,479236.08693316096,1109925.9282819498,0.0,0.0,0,-0.0,0,0.0,0.06274702746417846,1.0627470274641784,1.8286548628427015,2.8286548628427015,1.1441037999157866,2.144103799915787,1.9505912067463542,2.950591206746354,1.0235508844966101,2.02355088449661,3.71640027462579,4.71640027462579,219296.92653065268,1.1853297012175623,2.1853297012175625
2024-04-28,44664.67343455009,41511.86052943001,29745.500871593787,52392.14611413364,14882.227521499137,7581.528628354477,74778.12182223037,98929.78154709046,88466.35027689915,121416.31687836547,39939.508360116975,55459.80422678448,500000,60500,66409.20192399072,478989.8831114869,1105716.7051025936,0.0,0.0,0,-0.0,0,0.0,0.6742117667513541,1.674211766751354,1.383169057839597,2.3831690578395968,1.9741086108717136,2.9741086108717134,1.317452631428118,2.3174526314281185,1.68370499660885,2.68370499660885,6.3151216522968765,7.3151216522968765,190777.93709956112,1.5107194804266957,2.5107194804266957
2024-05-05,79067.09040376617,36764.48704918968,42041.51223443268,50424.08585522313,17670.67081922445,13843.7958460266,74803.02871232734,98902.91252983148,88538.0597235889,121417.76362072257,39938.95412902337,55960.62140465835,500000,61000,61723.78994202422,479561.34012015205,1234231.5543850258,0.0,0.0,1,-0.1,1,0.2,-0.05392966491701982,0.9460703350829802,1.690175233439341,2.690175233439341,1.1059675310888268,2.105967531088827,1.4079318754401502,2.40793187544015,1.2601832458772637,2.260183245877264,3.0422888366069034,4.042288836606904,239811.6422078627,0.9997416960452669,1.999741696045267
2024-05-12,36657.09549127899,41514.57645572672,17801.619050862468,58598.36847762535,14963.836939567276,13473.424830055867,74767.54988515317,98931.30146049242,88377.94314968276,121543.1720024596,39936.17120871719,55974.08596681135,500000,61500,56138.3061128326,479530.2236733165,1106662.4944437481,0.0,0.0,0,-0.0,0,0.0,1.039647410224876,2.0396474102248763,1.3830497600282123,2.383049760028212,3.964601416150457,4.964601416150457,1.0741733116489156,2.0741733116489156,1.6688456556966507,2.668845655696651,3.154406668892905,4.154406668892905,183008.92124511665,1.620255998509756,2.6202559985097564
2024-05-19,66092.828672567,46724.28733110453,15017.926617940238,39711.7810261934,17060.749388361186,17947.75862302897,74787.57630540681,98974.36829460834,88227.62174126257,121252.17684487459,39936.29808551472,56214.07220864126,500000,62000,49734.199368059686,479392.11348030827,1090625.773673465,0.0,0.0,0,-0.0,0,0.0,0.13155357105253862,1.1315535710525386,1.1182638398150748,2.1182638398150746,4.874820405359213,5.874820405359212,2.0533049314735634,3.0533049314735634,1.340829067728947,2.340829067728947,2.1320942848268722,3.1320942848268722,202555.3316591953,1.3667217720385567,2.3667217720385567
2024-05-26,89703.5683772157,55652.881954499746,27978.98540386007,42238.88796853238,29060.544375673453,10446.012093154206,74813.93737071475,99035.88710704852,88315.38536764172,121233.31951245286,39945.44685793273,55794.33181744476,500000,62500,42604.85600483678,479138.3080332353,1100598.490022078,0.0,0.0,0,-0.0,0,0.0,-0.1659870535349055,0.8340129464650945,0.779528456190598,1.779528456190598,2.156489918875237,3.156489918875237,1.8701825579018718,2.870182557901872,0.3745594831792282,1.3745594831792283,4.341208809628852,5.341208809628851,255080.88017293558,0.8783779784215773,1.8783779784215773
2024-06-02,41504.03252172006,27075.299190807775,31253.56229085465,33344.497329556616,16848.437626480496,11929.866462727894,74780.89653704394,98864.649228881,88386.77871065788,121021.98016013564,39942.160460868785,55853.53188574462,500000,63000,34854.23790328266,478849.99698333186,1104508.385866961,0.0,0.0,0,-0.0,0,0.0,0.8017742371878996,1.8017742371878998,2.651470239798722,3.6514702397987215,1.8280545394507373,2.8280545394507373,2.6294438318871154,3.6294438318871154,1.3706744415335075,2.3706744415335077,3.681823728727061,4.6818237287270605,161955.6954221475,1.9566727847092986,2.956672784709299
2024-06-09,47349.071311683925,60420.80982557052,27660.210643110007,39343.31068366706,38131.707291314546,11916.858502277368,74770.04651131919,99037.99878048684,88383.51800072026,121125.69526817676,39952.286134750815,55858.27014750424,500000,63500,26595.36652819022,479127.81484295806,1080379.3874981855,0.0,0.0,0,-0.0,0,0.0,0.5791238231291101,1.57912382312911,0.6391372288190228,1.6391372288190227,2.1953306191735766,3.1953306191735766,2.078685884928864,3.078685884928864,0.047744488058916575,1.0477444880589166,3.6873318280005978,4.687331828000598,224821.96825762346,1.1311432265993044,2.1311432265993044
2024-06-16,56793.912900316514,19188.52170157631,11110.034411681936,48766.91985573974,25079.564374886093,15792.188324090803,74777.77019201755,98785.5231523151,88170.9123419303,121337.50699619231,39951.396991389855,56099.45037961425,500000,64000,17948.674821566925,479122.5600534594,955171.1637843915,0.0,0.0,1,-0.1,0,0.0,0.316651140471091,1.316651140471091,4.148157043499605,5.148157043499605,6.936151147220634,7.936151147220633,1.4881109439580735,2.4881109439580733,0.5929860819829853,1.5929860819829853,2.5523544443828077,3.552354444382808,176731.14156829138,1.7110250960967157,2.7110250960967157
2024-06-23,47185.16397414902,36798.25819976857,26655.689076843697,52873.70242845783,23003.936256526045,10661.573160017546,74768.4141166323,98862.79050758384,88275.35283796008,121442.95077148915,39949.895941034614,55792.9791793946,500000,64500,9040.251019149366,479092.3833540946,1289554.0683195516,1.0,0.25,0,-0.0,0,0.0,0.5845746378585248,1.5845746378585248,1.686616034130811,2.686616034130811,2.3116890200616327,3.311689020061633,1.2968497607257743,2.2968497607257743,0.7366547835786637,1.7366547835786637,4.233090683898921,5.233090683898921,197178.3230957627,1.4297416462022348,2.4297416462022348
2024-06-30,30906.71520067468,43799.83873151243,16647.57732929451,32267.34944320183,16516.519985579387,11670.397910644351,74736.20005330385,98937.67910285927,88183.35503178509,121053.68401733863,39945.26596857689,55834.15916956081,500000,65000,4.592425496802575e-11,478690.34334342455,918019.0357475746,0.0,0.0,1,-0.1,0,0.0,1.4181217437067657,2.4181217437067657,1.2588594380297826,2.258859438029783,4.297068353399991,5.297068353399991,2.7515843757300784,3.7515843757300784,1.4185037770337332,2.418503777033733,3.784254966888106,4.784254966888105,151808.39860090718,2.1532533624958745,3.1532533624958745
2024-07-07,54624.47916953173,40327.14286055925,32155.39766436097,53312.09867922099,25640.273095430482,12542.896438637885,74763.9946932382,98932.67061610796,88345.95149508005,121406.74419413698,39947.64137334243,55900.80368765239,500000,65500,-9040.251019149275,479297.806059558,1029653.0609533152,0.0,0.0,0,-0.0,0,0.0,0.3686902983770658,1.3686902983770657,1.4532526630560303,2.45325266305603,1.7474687894467302,2.7474687894467302,1.2772831533915334,2.2772831533915334,0.5580037398455694,1.5580037398455695,3.456769930384837,4.456769930384837,218602.28790774132,1.1925562200055304,2.1925562200055304
2024-07-14,37099.63520343987,30896.93843832607,29449.881423440507,58695.00703312456,17759.84940630593,11166.665551335362,74745.80172905246,98852.96468904258,88382.65891288288,121542.66924244074,39944.40541929432,55806.84192085752,500000,66000,-17948.674821566838,479275.34191357053,1015136.4230488181,0.0,0.0,0,-0.0,0,0.0,1.014731447335688,2.014731447335688,2.199442070493966,3.1994420704939666,2.0011210450081838,3.0011210450081838,1.0707497176693082,2.070749717669308,1.2491409980712673,2.249140998071267,3.9976281338688326,4.997628133868832,185067.97705597233,1.5897259457729824,2.589725945772982
2024-07-21,59593.682537135566,34661.63475075273,18725.859748185077,46953.05570077068,21727.977318915306,9158.658371869984,74773.52134557065,98861.06336035642,88280.52656546395,121387.00027798653,39944.717927032645,55621.20580620135,500000,66500,-26595.366528190138,478868.0352826115,1015033.2426947125,0.0,0.0,0,-0.0,0,0.0,0.25472228199651586,1.2547222819965158,1.8521754404041633,2.8521754404041633,3.714364400492755,4.714364400492755,1.5852843540488484,2.5852843540488486,0.8384002036056409,1.8384002036056408,5.073073538482122,6.073073538482122,190820.86842762935,1.509516067233636,2.509516067233636
2024-07-28,38179.8924211459,31449.869807668732,21874.69262863293,64098.55449841916,36149.00960347395,10976.521165625514,74752.59463172576,98832.85733335225,88262.59100135512,121612.714618813,39952.42929501808,55764.3994457342,500000,67000,-34854.237903282694,479177.5863259984,1012456.3469206578,0.0,0.0,0,-0.0,0,0.0,0.9579047999182968,1.9579047999182968,2.1425521929904097,3.1425521929904097,3.0349179986110344,4.034917998611034,0.8972770223985674,1.8972770223985673,0.10521504553692182,1.1052150455369218,4.080334525329217,5.080334525329217,202728.54012496618,1.363641478553652,2.363641478553652
2024-08-04,74735.61541853039,30146.971970844996,17269.59149652204,31903.80908537097,20018.280338959023,13518.215118232778,74792.48128438438,98810.23590605195,88186.36449303712,121102.88327005059,39948.91960856329,55959.7018917424,500000,67500,-42604.85600483658,478800.5864538297,1114659.158581027,0.0,0.0,1,-0.1,1,0.2,0.000760893792545044,1.000760893792545,2.277617267883849,3.277617267883849,4.106453416156205,5.106453416156206,2.795875374817879,3.795875374817879,0.9956219481458558,1.9956219481458557,3.139577703292086,4.139577703292086,187592.48342846017,1.5523441968634315,2.5523441968634315
2024-08-11,39294.561682726824,44226.37371764952,25020.247755699816,25898.8324144793,27312.984384822208,7129.1263153208965,74764.78213673727,98929.16394689647,88261.2019193325,120761.93726736083,39950.393762838015,55423.1432838227,500000,68000,-49734.19936805961,478090.6223169878,895310.8050928535,0.0,0.0,1,-0.1,0,0.0,0.9026750505681937,1.9026750505681937,1.2368816529811166,2.2368816529811166,2.527591044706017,3.5275910447060173,3.6628332634735403,4.662833263473541,0.4626887051214513,1.4626887051214512,6.77418449785568,7.77418449785568,168882.12627069856,1.8309130923106907,2.8309130923106904
2024-08-18,45817.549157085,39024.08518976956,32965.374514094976,19174.13453328476,16040.330209312728,10528.603402474655,74760.75252044019,98920.36138692829,88382.28951882008,120380.90795909228,39945.300625628806,55711.172249150324,500000,68500,-56138.30611283263,478100.78426006,1000192.5110237513,0.0,0.0,0,-0.0,0,0.0,0.6317056214448249,1.631705621444825,1.5348540755251567,2.534854075525157,1.6810643234473353,2.6810643234473353,5.2782968248251665,6.2782968248251665,1.490304133666605,2.490304133666605,4.29141141702193,5.29141141702193,163550.0770060217,1.923268475394585,2.9232684753945852
2024-08-25,62510.91585415369,28286.614362919507,17268.270426119972,58199.05781275711,19913.33209446169,7961.26907390421,74781.53429554445,98822.39725435562,88261.86983120516,121425.00355950725,39944.238545136184,55482.395795052704,500000,69000,-61723.78994202417,478717.43928080134,987283.1376349796,0.0,0.0,0,-0.0,0,0.0,0.19629561131402637,1.1962956113140264,2.493609945200808,3.4936099452008085,4.111216563860404,5.1112165638604035,1.086374043204719,2.086374043204719,1.0059043034915038,2.0059043034915036,5.969039141876926,6.969039141876926,194139.45962431616,1.4658430604843482,2.465843060484348
2024-09-01,31564.883330352823,44015.49240813602,29046.29616257383,47874.66633773842,30635.94304455792,13590.709502146958,74745.53372509238,98930.16100463048,88340.90856101441,121376.23188848414,39949.636373211804,55945.53973516186,500000,69500,-66409.20192399074,479288.0112875951,942869.4780365268,0.0,0.0,0,-0.0,0,0.0,1.3679965150771523,2.3679965150771523,1.2476213622079981,2.247621362207998,2.041382903574526,3.041382903574526,1.5352914427062285,2.5352914427062285,0.30401196774350125,1.3040119677435014,3.11645468003889,4.11645468003889,196727.990785506,1.4362980040301756,2.4362980040301756
2024-09-08,53223.99729281436,37941.464000392785,20663.98818989668,39182.66256807647,16163.036962774362,5392.858940399159,74764.75991579519,98912.34711473309,88279.96828776627,121196.71752800499,39944.84728419147,55175.51612447708,500000,70000,-70126.21820140605,478274.1562549681,1057176.0239825433,0.0,0.0,1,-0.1,1,0.2,0.4047189936613234,1.4047189936613234,1.6069723380655292,2.606972338065529,3.272165057224012,4.272165057224012,2.0931210281444304,3.0931210281444304,1.4713701624385194,2.4713701624385194,9.231218122755719,10.231218122755719,172568.00795435382,1.7715111388518605,2.7715111388518605
2024-09-15,69271.66299633692,42893.78636585996,18489.278182951504,43091.24086151825,30740.500020821775,8256.138794605338,74790.08882090339,98943.77629009783,88215.59925250406,121239.93017736533,39949.999338412126,55463.869509732656,500000,70500,-72820.63630695388,478603.2633890154,973400.8759676291,0.0,0.0,0,-0.0,0,0.0,0.07966353896914936,1.0796635389691494,1.3067158363256361,2.3067158363256364,3.7711759420573507,4.771175942057351,1.8135632150160745,2.8135632150160745,0.29958846835127556,1.2995884683512755,5.717894513349682,6.717894513349681,212742.60722209373,1.2496822316809113,2.2496822316809113
2024-09-22,25475.48916237337,41007.70479579037,23937.625960759426,26164.321577052906,24081.606685049563,11049.183161351919,74739.9327295064,98939.44213938506,88259.01144063949,120812.75438087799,39949.36328838233,55758.26225930327,500000,71000,-74453.16555735405,478458.76623809454,1145812.8259600664,0.0,0.0,0,-0.0,1,0.2,1.9337977478326627,2.9337977478326627,1.4127037256067463,2.4127037256067463,2.687041128695097,3.687041128695097,3.6174617608596935,4.617461760859694,0.658916027109763,1.658916027109763,4.0463696225378705,5.04636962253787,151715.93134237756,2.153648809355136,3.153648809355136
2024-09-29,52352.8412113179,26418.38322411261,16509.728087311676,69015.69042206858,16458.532677967727,14613.238754369688,74761.68821121613,98810.97396782345,88172.76463493185,121613.32066817794,39944.80186549333,56026.33720257524,500000,71500,-75000.0,479329.886550218,987828.4611501421,0.0,0.0,0,-0.0,0,0.0,0.4280349734878146,1.4280349734878146,2.7402354689758837,3.7402354689758837,4.34065516819116,5.34065516819116,0.7621111942001328,1.7621111942001328,1.4269965401572877,2.4269965401572877,2.8339438740657066,3.8339438740657066,195368.41437714818,1.4534666367558142,2.453466636755814
2024-10-06,53550.082158620695,29154.477769456345,20396.725679669715,41272.12637961821,23655.182532290866,9733.117265759905,74770.63783713675,98792.38075174758,88187.47560387311,121303.11026942391,39946.14163826151,55704.603515565446,500000,72000,-74453.16555735406,478704.3496160083,1202116.437517259,0.0,0.0,0,-0.0,1,0.2,0.3962749415707458,1.3962749415707458,2.3885834461849735,3.3885834461849735,3.323609435595505,4.323609435595505,1.9391049337677968,2.9391049337677964,0.6886845655801821,1.688684565580182,4.723202751448238,5.723202751448238,177761.71178541574,1.6929553322139141,2.692955332213914
2024-10-13,61520.06988696529,42327.84481844656,15313.34026444203,41146.91898350322,25752.417421882634,8292.946781981533,74783.5507605624,98911.01451242667,88108.29717446877,121221.40518758165,39948.162750591684,55518.81839157365,500000,72500,-72820.63630695391,478491.2487772049,1002545.8495041974,0.0,0.0,0,-0.0,0,0.0,0.21559599815096017,1.21559599815096,1.3367836216721587,2.3367836216721587,4.753695513385705,5.753695513385705,1.9460627473999252,2.9460627473999255,0.5512393301238773,1.5512393301238774,5.6947033245410354,6.6947033245410354,194353.53815722125,1.4619631487754647,2.4619631487754647
2024-10-20,31450.145302888868,41106.78683057672,40720.00404636116,48712.724259632385,23732.62215972722,15644.352401533793,74746.59986313603,98930.56984366114,88410.6107778593,121352.1791188324,39948.204383109325,56070.74033874557,500000,73000,-70126.21820140617,479458.9043253438,978063.8287053334,0.0,0.0,0,-0.0,0,0.0,1.3766694602924505,2.3766694602924505,1.4066724127917727,2.4066724127917727,1.1711837424475868,2.171183742447587,1.4911803017224272,2.491180301722427,0.683261298066715,1.683261298066715,2.5840882958663296,3.584088295866329,201366.63500072013,1.3810245640924035,2.3810245640924035
2024-10-27,30477.409137008268,34989.9648936492,25424.237582410035,45999.51744745849,10692.355013966226,5712.80996540575,74723.1997623927,98888.580274815,88373.56424655532,121327.33936634296,39939.627408083004,55257.39848502256,500000,73500,-66409.20192399078,478509.7095432115,916854.9795942978,0.0,0.0,1,-0.1,0,0.0,1.4517569530428827,2.4517569530428824,1.8261983278743905,2.8261983278743905,2.4759573009849976,3.4759573009849976,1.6375785247079018,2.637578524707902,2.735344304965028,3.735344304965028,8.672542727595863,9.672542727595864,153296.294039898,2.1214695211005634,3.121469521100563
2024-11-03,58457.79389837492,36613.343122972845,19716.531143120046,43189.54462264675,15888.645110699375,3529.3162129640464,74766.10293993203,98888.75294148014,88287.76464282897,121268.31221418608,39937.56519717355,54624.87681562258,500000,74000,-61723.789942024225,477773.3747512233,993022.9339532413,0.0,0.0,0,-0.0,0,0.0,0.2789757867001968,1.2789757867001967,1.7008938410607177,2.7008938410607177,3.4778548519492696,4.477854851949269,1.8078164119053521,2.807816411905352,1.5135916196076207,2.5135916196076207,14.477467452469114,15.477467452469114,177395.17411077797,1.69327154555438,2.69327154555438
2024-11-10,55487.857383283306,48499.810057234106,27228.382928266532,31340.77636248467,18928.12310060518,11526.6608071171,74774.7243530695,98975.30784079999,88332.35464654672,120977.30647446313,39938.68910376085,55759.09364167822,500000,74500,-56138.30611283269,478757.4760603184,990377.4505251249,0.0,0.0,0,-0.0,0,0.0,0.34758716373857856,1.3475871637385786,1.040735988945117,2.040735988945117,2.2441278235016475,3.2441278235016475,2.8600609338853067,3.8600609338853067,1.110018457270278,2.1100184572702783,3.8374021388093547,4.837402138809355,193011.61063899088,1.4804594629065444,2.4804594629065444
2024-11-17,55249.47177167647,30128.74142318353,24847.415110717524,46851.28349882261,20150.231031995052,8792.253130239831,74777.6588374595,98863.29259246393,88326.28363163708,121279.1939495047,39940.394004851674,55578.621827758834,500000,75000,-49734.1993680597,478765.4448436757,891360.0676572355,0.0,0.0,1,-0.1,0,0.0,0.35345472887931056,1.3534547288793106,2.2813615147027146,3.2813615147027146,2.554747374649003,3.554747374649003,1.588599177919053,2.588599177919053,0.9821308222934663,1.9821308222934664,5.321317301091261,6.32131730109126,186019.39596663506,1.57373938000287,2.5737393800028703
2024-11-24,57196.14299854245,41870.56771096185,24231.953131778122,64183.82984257065,24523.800527739193,7336.1855198254225,74781.09146497231,98923.64053524943,88316.37586159409,121598.46616847077,39944.45740225668,55389.80627018932,500000,75500,-42604.85600483667,478953.83770273265,1005799.5879681335,0.0,0.0,0,-0.0,0,0.0,0.30744990036964537,1.3074499003696454,1.3626056665420112,2.362605666542011,2.644624739133172,3.644624739133172,0.8945342848304014,1.8945342848304014,0.6288037148677253,1.6288037148677255,6.550218859719815,7.550218859719815,219342.4797314177,1.1835890534711107,2.1835890534711107
2024-12-01,42347.80818789866,34761.79878376427,31187.423106135415,58183.58376312055,22085.477610229933,12634.705144213263,74763.06791305024,98884.28709261483,88386.80443279349,121571.44398028668,39945.029894631385,55875.166316850395,500000,76000,-34854.23790328278,479425.799630227,1165893.7596151612,1.0,0.25,1,-0.1,0,0.0,0.7654530685820614,1.7654530685820613,1.8446251503762627,2.8446251503762627,1.834052820972099,2.834052820972099,1.0894457872384322,2.089445787238432,0.8086559231179568,1.8086559231179569,3.42235617524018,4.42235617524018,201200.79659536207,1.3828225719921345,2.3828225719921345
2024-12-08,56614.627176048525,35014.76317077123,32625.472539695173,61622.896894579535,13240.26253519278,11357.56648504029,74775.10174490158,98873.68243200012,88431.24721839857,121611.85515178133,39939.076504484925,55818.745106451526,500000,76500,-26595.36652819023,479449.708158018,1290101.2514847945,1.0,0.25,0,-0.0,0,0.0,0.3207735434233514,1.3207735434233514,1.823771274698653,2.823771274698653,1.7104970544351479,2.7104970544351477,0.9734848778665344,1.9734848778665344,2.0164867500418797,3.0164867500418793,3.914674739520445,4.9146747395204455,210475.5888013275,1.2779349894613243,2.277934989461324
2024-12-15,58135.40621393987,48605.29189999365,22625.650376345606,36856.8671743935,23776.91475181964,9055.627930681745,74781.24577040196,98972.6430576054,88355.53092975513,121214.12391762694,39943.229482762625,55612.62586071713,500000,77000,-17948.674821566805,478879.3990188692,1300624.8848676253,1.0,0.25,0,-0.0,0,0.0,0.2863287734707651,1.2863287734707651,1.0362524159147848,2.036252415914785,2.905104580866679,3.9051045808666793,2.288779899389851,3.288779899389851,0.6799164189166208,1.679916418916621,5.141222484670965,6.141222484670965,199055.75834717404,1.4057550657924376,2.4057550657924374
2024-12-22,43649.99404627657,46309.84921155077,22576.086733178607,31616.954410234706,25409.620598371777,7032.139867321735,74765.07343637318,98983.11737672151,88311.96506057067,120970.28687044638,39946.48740444846,55354.62053035387,500000,77500,-9040.251019149375,478331.55067891406,1203870.9150117976,1.0,0.25,1,-0.1,0,0.0,0.7128312401854904,1.7128312401854904,1.137409623696913,2.137409623696913,2.91174812997083,3.9117481299708294,2.82612079901305,3.8261207990130495,0.572100899728042,1.5721008997280421,6.871660913285598,7.871660913285598,176594.64486693416,1.708641312647627,2.708641312647627
2024-12-29,82986.61766717135,46635.096360006384,25299.586422786844,42490.55695880422,25358.74268758624,13617.371984840434,74803.01232647963,98988.15987289735,88321.54324035371,121188.11144777008,39948.143302500255,55940.51287887836,500000,78000,-5.510910596163089e-11,479189.48306887934,1330225.617231026,1.0,0.25,0,-0.0,0,0.0,-0.09861355445902298,0.901386445540977,1.1226108145835896,2.12261081458359,2.4910271561120942,3.4910271561120942,1.8521186852237626,2.852118685223762,0.5753203459119408,1.5753203459119407,3.1080256117813514,4.108025611781351,236387.97208119548,1.0271314096483954,2.0271314096483954
